Path_Index,Reaction_Steps,Total_Free_Energy_dG,Sum_Positive_dG_Barrier,Energetic_Span_dE,Full_Reaction_Pathway,Simplified_Pathway
1,11,-0.9,4.97,2.94,"(CO2) ==[REACT_001, ΔG:0.0264]==> (*CO2) ==[REACT_002, ΔG:2.0926]==> (*COOH) ==[REACT_003, ΔG:-1.5627]==> (*CO) ==[REACT_061, ΔG:1.4768]==> (*COCHO) ==[REACT_014, ΔG:0.9108]==> (*COHCHO) ==[REACT_008, ΔG:-0.6508]==> (*COHCH2O) ==[REACT_009, ΔG:-0.6015]==> (*COHCH2OH) ==[REACT_010, ΔG:-0.4852]==> (*CHOHCH2OH) ==[REACT_011, ΔG:-1.1691]==> (CH2OHCH2OH) ==[REACT_012, ΔG:0.4672]==> (*CH2OHCH2) ==[REACT_013, ΔG:-1.4043]==> (CH2CH2)",(CO2) -> (*CO2) -> (*COOH) -> (*CO) -> (*COCHO) -> (*COHCHO) -> (*COHCH2O) -> (*COHCH2OH) -> (*CHOHCH2OH) -> (CH2OHCH2OH) -> (*CH2OHCH2) -> (CH2CH2)
2,11,-2.32,3.79,2.12,"(CO2) ==[REACT_001, ΔG:0.0264]==> (*CO2) ==[REACT_002, ΔG:2.0926]==> (*COOH) ==[REACT_003, ΔG:-1.5627]==> (*CO) ==[REACT_004, ΔG:1.2087]==> (*CHO) ==[REACT_065, ΔG:-0.2395]==> (*COHCHO) ==[REACT_008, ΔG:-0.6508]==> (*COHCH2O) ==[REACT_009, ΔG:-0.6015]==> (*COHCH2OH) ==[REACT_010, ΔG:-0.4852]==> (*CHOHCH2OH) ==[REACT_011, ΔG:-1.1691]==> (CH2OHCH2OH) ==[REACT_012, ΔG:0.4672]==> (*CH2OHCH2) ==[REACT_013, ΔG:-1.4043]==> (CH2CH2)",(CO2) -> (*CO2) -> (*COOH) -> (*CO) -> (*CHO) -> (*COHCHO) -> (*COHCH2O) -> (*COHCH2OH) -> (*CHOHCH2OH) -> (CH2OHCH2OH) -> (*CH2OHCH2) -> (CH2CH2)
3,11,-0.58,5.54,3.51,"(CO2) ==[REACT_001, ΔG:0.0264]==> (*CO2) ==[REACT_002, ΔG:2.0926]==> (*COOH) ==[REACT_003, ΔG:-1.5627]==> (*CO) ==[REACT_059, ΔG:2.9495]==> (*COH) ==[REACT_065, ΔG:-0.2395]==> (*COHCHO) ==[REACT_008, ΔG:-0.6508]==> (*COHCH2O) ==[REACT_009, ΔG:-0.6015]==> (*COHCH2OH) ==[REACT_010, ΔG:-0.4852]==> (*CHOHCH2OH) ==[REACT_011, ΔG:-1.1691]==> (CH2OHCH2OH) ==[REACT_012, ΔG:0.4672]==> (*CH2OHCH2) ==[REACT_013, ΔG:-1.4043]==> (CH2CH2)",(CO2) -> (*CO2) -> (*COOH) -> (*CO) -> (*COH) -> (*COHCHO) -> (*COHCH2O) -> (*COHCH2OH) -> (*CHOHCH2OH) -> (CH2OHCH2OH) -> (*CH2OHCH2) -> (CH2CH2)
4,11,-0.9,4.97,2.94,"(CO2) ==[REACT_001, ΔG:0.0264]==> (*CO2) ==[REACT_002, ΔG:2.0926]==> (*COOH) ==[REACT_003, ΔG:-1.5627]==> (*CO) ==[REACT_061, ΔG:1.4768]==> (*COCHO) ==[REACT_014, ΔG:0.9108]==> (*COHCHO) ==[REACT_007, ΔG:-0.3623]==> (*COHCHOH) ==[REACT_026, ΔG:-0.8901]==> (*COHCH2OH) ==[REACT_010, ΔG:-0.4852]==> (*CHOHCH2OH) ==[REACT_011, ΔG:-1.1691]==> (CH2OHCH2OH) ==[REACT_012, ΔG:0.4672]==> (*CH2OHCH2) ==[REACT_013, ΔG:-1.4043]==> (CH2CH2)",(CO2) -> (*CO2) -> (*COOH) -> (*CO) -> (*COCHO) -> (*COHCHO) -> (*COHCHOH) -> (*COHCH2OH) -> (*CHOHCH2OH) -> (CH2OHCH2OH) -> (*CH2OHCH2) -> (CH2CH2)
5,11,-2.32,3.79,2.12,"(CO2) ==[REACT_001, ΔG:0.0264]==> (*CO2) ==[REACT_002, ΔG:2.0926]==> (*COOH) ==[REACT_003, ΔG:-1.5627]==> (*CO) ==[REACT_004, ΔG:1.2087]==> (*CHO) ==[REACT_065, ΔG:-0.2395]==> (*COHCHO) ==[REACT_007, ΔG:-0.3623]==> (*COHCHOH) ==[REACT_026, ΔG:-0.8901]==> (*COHCH2OH) ==[REACT_010, ΔG:-0.4852]==> (*CHOHCH2OH) ==[REACT_011, ΔG:-1.1691]==> (CH2OHCH2OH) ==[REACT_012, ΔG:0.4672]==> (*CH2OHCH2) ==[REACT_013, ΔG:-1.4043]==> (CH2CH2)",(CO2) -> (*CO2) -> (*COOH) -> (*CO) -> (*CHO) -> (*COHCHO) -> (*COHCHOH) -> (*COHCH2OH) -> (*CHOHCH2OH) -> (CH2OHCH2OH) -> (*CH2OHCH2) -> (CH2CH2)
6,11,-0.58,5.54,3.51,"(CO2) ==[REACT_001, ΔG:0.0264]==> (*CO2) ==[REACT_002, ΔG:2.0926]==> (*COOH) ==[REACT_003, ΔG:-1.5627]==> (*CO) ==[REACT_059, ΔG:2.9495]==> (*COH) ==[REACT_065, ΔG:-0.2395]==> (*COHCHO) ==[REACT_007, ΔG:-0.3623]==> (*COHCHOH) ==[REACT_026, ΔG:-0.8901]==> (*COHCH2OH) ==[REACT_010, ΔG:-0.4852]==> (*CHOHCH2OH) ==[REACT_011, ΔG:-1.1691]==> (CH2OHCH2OH) ==[REACT_012, ΔG:0.4672]==> (*CH2OHCH2) ==[REACT_013, ΔG:-1.4043]==> (CH2CH2)",(CO2) -> (*CO2) -> (*COOH) -> (*CO) -> (*COH) -> (*COHCHO) -> (*COHCHOH) -> (*COHCH2OH) -> (*CHOHCH2OH) -> (CH2OHCH2OH) -> (*CH2OHCH2) -> (CH2CH2)
7,11,-3.28,2.7,2.12,"(CO2) ==[REACT_001, ΔG:0.0264]==> (*CO2) ==[REACT_002, ΔG:2.0926]==> (*COOH) ==[REACT_003, ΔG:-1.5627]==> (*CO) ==[REACT_062, ΔG:-0.058]==> (*COHCO) ==[REACT_027, ΔG:-0.4064]==> (*COHCOH) ==[REACT_028, ΔG:0.1119]==> (*COHCHOH) ==[REACT_026, ΔG:-0.8901]==> (*COHCH2OH) ==[REACT_010, ΔG:-0.4852]==> (*CHOHCH2OH) ==[REACT_011, ΔG:-1.1691]==> (CH2OHCH2OH) ==[REACT_012, ΔG:0.4672]==> (*CH2OHCH2) ==[REACT_013, ΔG:-1.4043]==> (CH2CH2)",(CO2) -> (*CO2) -> (*COOH) -> (*CO) -> (*COHCO) -> (*COHCOH) -> (*COHCHOH) -> (*COHCH2OH) -> (*CHOHCH2OH) -> (CH2OHCH2OH) -> (*CH2OHCH2) -> (CH2CH2)
8,11,-2.81,5.65,3.51,"(CO2) ==[REACT_001, ΔG:0.0264]==> (*CO2) ==[REACT_002, ΔG:2.0926]==> (*COOH) ==[REACT_003, ΔG:-1.5627]==> (*CO) ==[REACT_059, ΔG:2.9495]==> (*COH) ==[REACT_064, ΔG:-2.9506]==> (*COHCOH) ==[REACT_028, ΔG:0.1119]==> (*COHCHOH) ==[REACT_026, ΔG:-0.8901]==> (*COHCH2OH) ==[REACT_010, ΔG:-0.4852]==> (*CHOHCH2OH) ==[REACT_011, ΔG:-1.1691]==> (CH2OHCH2OH) ==[REACT_012, ΔG:0.4672]==> (*CH2OHCH2) ==[REACT_013, ΔG:-1.4043]==> (CH2CH2)",(CO2) -> (*CO2) -> (*COOH) -> (*CO) -> (*COH) -> (*COHCOH) -> (*COHCHOH) -> (*COHCH2OH) -> (*CHOHCH2OH) -> (CH2OHCH2OH) -> (*CH2OHCH2) -> (CH2CH2)
9,11,-0.9,5.35,2.12,"(CO2) ==[REACT_001, ΔG:0.0264]==> (*CO2) ==[REACT_002, ΔG:2.0926]==> (*COOH) ==[REACT_003, ΔG:-1.5627]==> (*CO) ==[REACT_061, ΔG:1.4768]==> (*COCHO) ==[REACT_006, ΔG:-0.2253]==> (*CHOCHO) ==[REACT_015, ΔG:0.1258]==> (*CHOCH2O) ==[REACT_016, ΔG:-1.8899]==> (*CHOHCH2O) ==[REACT_019, ΔG:1.1625]==> (*CHOHCH2OH) ==[REACT_011, ΔG:-1.1691]==> (CH2OHCH2OH) ==[REACT_012, ΔG:0.4672]==> (*CH2OHCH2) ==[REACT_013, ΔG:-1.4043]==> (CH2CH2)",(CO2) -> (*CO2) -> (*COOH) -> (*CO) -> (*COCHO) -> (*CHOCHO) -> (*CHOCH2O) -> (*CHOHCH2O) -> (*CHOHCH2OH) -> (CH2OHCH2OH) -> (*CH2OHCH2) -> (CH2CH2)
10,11,0.54,6.56,3.37,"(CO2) ==[REACT_001, ΔG:0.0264]==> (*CO2) ==[REACT_002, ΔG:2.0926]==> (*COOH) ==[REACT_003, ΔG:-1.5627]==> (*CO) ==[REACT_004, ΔG:1.2087]==> (*CHO) ==[REACT_063, ΔG:1.478]==> (*CHOCHO) ==[REACT_015, ΔG:0.1258]==> (*CHOCH2O) ==[REACT_016, ΔG:-1.8899]==> (*CHOHCH2O) ==[REACT_019, ΔG:1.1625]==> (*CHOHCH2OH) ==[REACT_011, ΔG:-1.1691]==> (CH2OHCH2OH) ==[REACT_012, ΔG:0.4672]==> (*CH2OHCH2) ==[REACT_013, ΔG:-1.4043]==> (CH2CH2)",(CO2) -> (*CO2) -> (*COOH) -> (*CO) -> (*CHO) -> (*CHOCHO) -> (*CHOCH2O) -> (*CHOHCH2O) -> (*CHOHCH2OH) -> (CH2OHCH2OH) -> (*CH2OHCH2) -> (CH2CH2)
11,11,-0.9,5.23,2.12,"(CO2) ==[REACT_001, ΔG:0.0264]==> (*CO2) ==[REACT_002, ΔG:2.0926]==> (*COOH) ==[REACT_003, ΔG:-1.5627]==> (*CO) ==[REACT_061, ΔG:1.4768]==> (*COCHO) ==[REACT_023, ΔG:-0.3922]==> (*COCHOH) ==[REACT_024, ΔG:-0.721]==> (*CHOCHOH) ==[REACT_034, ΔG:-0.8779]==> (*CHOCH2OH) ==[REACT_037, ΔG:1.1642]==> (*CHOHCH2OH) ==[REACT_011, ΔG:-1.1691]==> (CH2OHCH2OH) ==[REACT_012, ΔG:0.4672]==> (*CH2OHCH2) ==[REACT_013, ΔG:-1.4043]==> (CH2CH2)",(CO2) -> (*CO2) -> (*COOH) -> (*CO) -> (*COCHO) -> (*COCHOH) -> (*CHOCHOH) -> (*CHOCH2OH) -> (*CHOHCH2OH) -> (CH2OHCH2OH) -> (*CH2OHCH2) -> (CH2CH2)
12,11,-0.9,5.23,2.12,"(CO2) ==[REACT_001, ΔG:0.0264]==> (*CO2) ==[REACT_002, ΔG:2.0926]==> (*COOH) ==[REACT_003, ΔG:-1.5627]==> (*CO) ==[REACT_061, ΔG:1.4768]==> (*COCHO) ==[REACT_023, ΔG:-0.3922]==> (*COCHOH) ==[REACT_057, ΔG:-0.1827]==> (*COCH2OH) ==[REACT_058, ΔG:-1.4162]==> (*CHOCH2OH) ==[REACT_037, ΔG:1.1642]==> (*CHOHCH2OH) ==[REACT_011, ΔG:-1.1691]==> (CH2OHCH2OH) ==[REACT_012, ΔG:0.4672]==> (*CH2OHCH2) ==[REACT_013, ΔG:-1.4043]==> (CH2CH2)",(CO2) -> (*CO2) -> (*COOH) -> (*CO) -> (*COCHO) -> (*COCHOH) -> (*COCH2OH) -> (*CHOCH2OH) -> (*CHOHCH2OH) -> (CH2OHCH2OH) -> (*CH2OHCH2) -> (CH2CH2)
13,11,-0.9,5.76,2.12,"(CO2) ==[REACT_001, ΔG:0.0264]==> (*CO2) ==[REACT_002, ΔG:2.0926]==> (*COOH) ==[REACT_003, ΔG:-1.5627]==> (*CO) ==[REACT_061, ΔG:1.4768]==> (*COCHO) ==[REACT_006, ΔG:-0.2253]==> (*CHOCHO) ==[REACT_015, ΔG:0.1258]==> (*CHOCH2O) ==[REACT_016, ΔG:-1.8899]==> (*CHOHCH2O) ==[REACT_017, ΔG:1.5732]==> (*CH2OHCH2O) ==[REACT_018, ΔG:-1.5797]==> (CH2OHCH2OH) ==[REACT_012, ΔG:0.4672]==> (*CH2OHCH2) ==[REACT_013, ΔG:-1.4043]==> (CH2CH2)",(CO2) -> (*CO2) -> (*COOH) -> (*CO) -> (*COCHO) -> (*CHOCHO) -> (*CHOCH2O) -> (*CHOHCH2O) -> (*CH2OHCH2O) -> (CH2OHCH2OH) -> (*CH2OHCH2) -> (CH2CH2)
14,11,0.54,6.97,3.37,"(CO2) ==[REACT_001, ΔG:0.0264]==> (*CO2) ==[REACT_002, ΔG:2.0926]==> (*COOH) ==[REACT_003, ΔG:-1.5627]==> (*CO) ==[REACT_004, ΔG:1.2087]==> (*CHO) ==[REACT_063, ΔG:1.478]==> (*CHOCHO) ==[REACT_015, ΔG:0.1258]==> (*CHOCH2O) ==[REACT_016, ΔG:-1.8899]==> (*CHOHCH2O) ==[REACT_017, ΔG:1.5732]==> (*CH2OHCH2O) ==[REACT_018, ΔG:-1.5797]==> (CH2OHCH2OH) ==[REACT_012, ΔG:0.4672]==> (*CH2OHCH2) ==[REACT_013, ΔG:-1.4043]==> (CH2CH2)",(CO2) -> (*CO2) -> (*COOH) -> (*CO) -> (*CHO) -> (*CHOCHO) -> (*CHOCH2O) -> (*CHOHCH2O) -> (*CH2OHCH2O) -> (CH2OHCH2OH) -> (*CH2OHCH2) -> (CH2CH2)
15,11,-0.9,5.64,2.12,"(CO2) ==[REACT_001, ΔG:0.0264]==> (*CO2) ==[REACT_002, ΔG:2.0926]==> (*COOH) ==[REACT_003, ΔG:-1.5627]==> (*CO) ==[REACT_061, ΔG:1.4768]==> (*COCHO) ==[REACT_023, ΔG:-0.3922]==> (*COCHOH) ==[REACT_024, ΔG:-0.721]==> (*CHOCHOH) ==[REACT_034, ΔG:-0.8779]==> (*CHOCH2OH) ==[REACT_035, ΔG:1.5749]==> (*CH2OCH2OH) ==[REACT_036, ΔG:-1.5797]==> (CH2OHCH2OH) ==[REACT_012, ΔG:0.4672]==> (*CH2OHCH2) ==[REACT_013, ΔG:-1.4043]==> (CH2CH2)",(CO2) -> (*CO2) -> (*COOH) -> (*CO) -> (*COCHO) -> (*COCHOH) -> (*CHOCHOH) -> (*CHOCH2OH) -> (*CH2OCH2OH) -> (CH2OHCH2OH) -> (*CH2OHCH2) -> (CH2CH2)
16,11,-0.9,5.64,2.12,"(CO2) ==[REACT_001, ΔG:0.0264]==> (*CO2) ==[REACT_002, ΔG:2.0926]==> (*COOH) ==[REACT_003, ΔG:-1.5627]==> (*CO) ==[REACT_061, ΔG:1.4768]==> (*COCHO) ==[REACT_023, ΔG:-0.3922]==> (*COCHOH) ==[REACT_057, ΔG:-0.1827]==> (*COCH2OH) ==[REACT_058, ΔG:-1.4162]==> (*CHOCH2OH) ==[REACT_035, ΔG:1.5749]==> (*CH2OCH2OH) ==[REACT_036, ΔG:-1.5797]==> (CH2OHCH2OH) ==[REACT_012, ΔG:0.4672]==> (*CH2OHCH2) ==[REACT_013, ΔG:-1.4043]==> (CH2CH2)",(CO2) -> (*CO2) -> (*COOH) -> (*CO) -> (*COCHO) -> (*COCHOH) -> (*COCH2OH) -> (*CHOCH2OH) -> (*CH2OCH2OH) -> (CH2OHCH2OH) -> (*CH2OHCH2) -> (CH2CH2)
17,11,-0.9,5.84,2.12,"(CO2) ==[REACT_001, ΔG:0.0264]==> (*CO2) ==[REACT_002, ΔG:2.0926]==> (*COOH) ==[REACT_003, ΔG:-1.5627]==> (*CO) ==[REACT_061, ΔG:1.4768]==> (*COCHO) ==[REACT_006, ΔG:-0.2253]==> (*CHOCHO) ==[REACT_015, ΔG:0.1258]==> (*CHOCH2O) ==[REACT_016, ΔG:-1.8899]==> (*CHOHCH2O) ==[REACT_017, ΔG:1.5732]==> (*CH2OHCH2O) ==[REACT_020, ΔG:-1.6918]==> (*CH2CH2O) ==[REACT_021, ΔG:0.549]==> (*CH2CH2OH) ==[REACT_022, ΔG:-1.3739]==> (CH2CH2)",(CO2) -> (*CO2) -> (*COOH) -> (*CO) -> (*COCHO) -> (*CHOCHO) -> (*CHOCH2O) -> (*CHOHCH2O) -> (*CH2OHCH2O) -> (*CH2CH2O) -> (*CH2CH2OH) -> (CH2CH2)
18,11,0.54,7.05,3.37,"(CO2) ==[REACT_001, ΔG:0.0264]==> (*CO2) ==[REACT_002, ΔG:2.0926]==> (*COOH) ==[REACT_003, ΔG:-1.5627]==> (*CO) ==[REACT_004, ΔG:1.2087]==> (*CHO) ==[REACT_063, ΔG:1.478]==> (*CHOCHO) ==[REACT_015, ΔG:0.1258]==> (*CHOCH2O) ==[REACT_016, ΔG:-1.8899]==> (*CHOHCH2O) ==[REACT_017, ΔG:1.5732]==> (*CH2OHCH2O) ==[REACT_020, ΔG:-1.6918]==> (*CH2CH2O) ==[REACT_021, ΔG:0.549]==> (*CH2CH2OH) ==[REACT_022, ΔG:-1.3739]==> (CH2CH2)",(CO2) -> (*CO2) -> (*COOH) -> (*CO) -> (*CHO) -> (*CHOCHO) -> (*CHOCH2O) -> (*CHOHCH2O) -> (*CH2OHCH2O) -> (*CH2CH2O) -> (*CH2CH2OH) -> (CH2CH2)
19,11,-3.28,3.51,2.12,"(CO2) ==[REACT_001, ΔG:0.0264]==> (*CO2) ==[REACT_002, ΔG:2.0926]==> (*COOH) ==[REACT_003, ΔG:-1.5627]==> (*CO) ==[REACT_062, ΔG:-0.058]==> (*COHCO) ==[REACT_027, ΔG:-0.4064]==> (*COHCOH) ==[REACT_029, ΔG:0.1219]==> (*CHOHCOH) ==[REACT_031, ΔG:-0.9001]==> (*CH2OHCOH) ==[REACT_041, ΔG:-0.7072]==> (*CH2COH) ==[REACT_042, ΔG:-1.7832]==> (*CH2CHOH) ==[REACT_043, ΔG:1.2731]==> (*CH2CH2OH) ==[REACT_022, ΔG:-1.3739]==> (CH2CH2)",(CO2) -> (*CO2) -> (*COOH) -> (*CO) -> (*COHCO) -> (*COHCOH) -> (*CHOHCOH) -> (*CH2OHCOH) -> (*CH2COH) -> (*CH2CHOH) -> (*CH2CH2OH) -> (CH2CH2)
20,11,-2.81,6.46,3.51,"(CO2) ==[REACT_001, ΔG:0.0264]==> (*CO2) ==[REACT_002, ΔG:2.0926]==> (*COOH) ==[REACT_003, ΔG:-1.5627]==> (*CO) ==[REACT_059, ΔG:2.9495]==> (*COH) ==[REACT_064, ΔG:-2.9506]==> (*COHCOH) ==[REACT_029, ΔG:0.1219]==> (*CHOHCOH) ==[REACT_031, ΔG:-0.9001]==> (*CH2OHCOH) ==[REACT_041, ΔG:-0.7072]==> (*CH2COH) ==[REACT_042, ΔG:-1.7832]==> (*CH2CHOH) ==[REACT_043, ΔG:1.2731]==> (*CH2CH2OH) ==[REACT_022, ΔG:-1.3739]==> (CH2CH2)",(CO2) -> (*CO2) -> (*COOH) -> (*CO) -> (*COH) -> (*COHCOH) -> (*CHOHCOH) -> (*CH2OHCOH) -> (*CH2COH) -> (*CH2CHOH) -> (*CH2CH2OH) -> (CH2CH2)
21,11,-0.9,5.78,2.94,"(CO2) ==[REACT_001, ΔG:0.0264]==> (*CO2) ==[REACT_002, ΔG:2.0926]==> (*COOH) ==[REACT_003, ΔG:-1.5627]==> (*CO) ==[REACT_061, ΔG:1.4768]==> (*COCHO) ==[REACT_014, ΔG:0.9108]==> (*COHCHO) ==[REACT_038, ΔG:-0.3522]==> (*CHOHCOH) ==[REACT_031, ΔG:-0.9001]==> (*CH2OHCOH) ==[REACT_041, ΔG:-0.7072]==> (*CH2COH) ==[REACT_042, ΔG:-1.7832]==> (*CH2CHOH) ==[REACT_043, ΔG:1.2731]==> (*CH2CH2OH) ==[REACT_022, ΔG:-1.3739]==> (CH2CH2)",(CO2) -> (*CO2) -> (*COOH) -> (*CO) -> (*COCHO) -> (*COHCHO) -> (*CHOHCOH) -> (*CH2OHCOH) -> (*CH2COH) -> (*CH2CHOH) -> (*CH2CH2OH) -> (CH2CH2)
22,11,-2.32,4.6,2.12,"(CO2) ==[REACT_001, ΔG:0.0264]==> (*CO2) ==[REACT_002, ΔG:2.0926]==> (*COOH) ==[REACT_003, ΔG:-1.5627]==> (*CO) ==[REACT_004, ΔG:1.2087]==> (*CHO) ==[REACT_065, ΔG:-0.2395]==> (*COHCHO) ==[REACT_038, ΔG:-0.3522]==> (*CHOHCOH) ==[REACT_031, ΔG:-0.9001]==> (*CH2OHCOH) ==[REACT_041, ΔG:-0.7072]==> (*CH2COH) ==[REACT_042, ΔG:-1.7832]==> (*CH2CHOH) ==[REACT_043, ΔG:1.2731]==> (*CH2CH2OH) ==[REACT_022, ΔG:-1.3739]==> (CH2CH2)",(CO2) -> (*CO2) -> (*COOH) -> (*CO) -> (*CHO) -> (*COHCHO) -> (*CHOHCOH) -> (*CH2OHCOH) -> (*CH2COH) -> (*CH2CHOH) -> (*CH2CH2OH) -> (CH2CH2)
23,11,-0.58,6.34,3.51,"(CO2) ==[REACT_001, ΔG:0.0264]==> (*CO2) ==[REACT_002, ΔG:2.0926]==> (*COOH) ==[REACT_003, ΔG:-1.5627]==> (*CO) ==[REACT_059, ΔG:2.9495]==> (*COH) ==[REACT_065, ΔG:-0.2395]==> (*COHCHO) ==[REACT_038, ΔG:-0.3522]==> (*CHOHCOH) ==[REACT_031, ΔG:-0.9001]==> (*CH2OHCOH) ==[REACT_041, ΔG:-0.7072]==> (*CH2COH) ==[REACT_042, ΔG:-1.7832]==> (*CH2CHOH) ==[REACT_043, ΔG:1.2731]==> (*CH2CH2OH) ==[REACT_022, ΔG:-1.3739]==> (CH2CH2)",(CO2) -> (*CO2) -> (*COOH) -> (*CO) -> (*COH) -> (*COHCHO) -> (*CHOHCOH) -> (*CH2OHCOH) -> (*CH2COH) -> (*CH2CHOH) -> (*CH2CH2OH) -> (CH2CH2)
24,11,-1.12,5.94,2.94,"(CO2) ==[REACT_001, ΔG:0.0264]==> (*CO2) ==[REACT_002, ΔG:2.0926]==> (*COOH) ==[REACT_003, ΔG:-1.5627]==> (*CO) ==[REACT_061, ΔG:1.4768]==> (*COCHO) ==[REACT_014, ΔG:0.9108]==> (*COHCHO) ==[REACT_008, ΔG:-0.6508]==> (*COHCH2O) ==[REACT_009, ΔG:-0.6015]==> (*COHCH2OH) ==[REACT_010, ΔG:-0.4852]==> (*CHOHCH2OH) ==[REACT_044, ΔG:-1.8761]==> (*CHOHCH2) ==[REACT_045, ΔG:1.4342]==> (*CH2CH) ==[REACT_048, ΔG:-1.8826]==> (CH2CH2)",(CO2) -> (*CO2) -> (*COOH) -> (*CO) -> (*COCHO) -> (*COHCHO) -> (*COHCH2O) -> (*COHCH2OH) -> (*CHOHCH2OH) -> (*CHOHCH2) -> (*CH2CH) -> (CH2CH2)
25,11,-2.54,4.76,2.12,"(CO2) ==[REACT_001, ΔG:0.0264]==> (*CO2) ==[REACT_002, ΔG:2.0926]==> (*COOH) ==[REACT_003, ΔG:-1.5627]==> (*CO) ==[REACT_004, ΔG:1.2087]==> (*CHO) ==[REACT_065, ΔG:-0.2395]==> (*COHCHO) ==[REACT_008, ΔG:-0.6508]==> (*COHCH2O) ==[REACT_009, ΔG:-0.6015]==> (*COHCH2OH) ==[REACT_010, ΔG:-0.4852]==> (*CHOHCH2OH) ==[REACT_044, ΔG:-1.8761]==> (*CHOHCH2) ==[REACT_045, ΔG:1.4342]==> (*CH2CH) ==[REACT_048, ΔG:-1.8826]==> (CH2CH2)",(CO2) -> (*CO2) -> (*COOH) -> (*CO) -> (*CHO) -> (*COHCHO) -> (*COHCH2O) -> (*COHCH2OH) -> (*CHOHCH2OH) -> (*CHOHCH2) -> (*CH2CH) -> (CH2CH2)
26,11,-0.8,6.5,3.51,"(CO2) ==[REACT_001, ΔG:0.0264]==> (*CO2) ==[REACT_002, ΔG:2.0926]==> (*COOH) ==[REACT_003, ΔG:-1.5627]==> (*CO) ==[REACT_059, ΔG:2.9495]==> (*COH) ==[REACT_065, ΔG:-0.2395]==> (*COHCHO) ==[REACT_008, ΔG:-0.6508]==> (*COHCH2O) ==[REACT_009, ΔG:-0.6015]==> (*COHCH2OH) ==[REACT_010, ΔG:-0.4852]==> (*CHOHCH2OH) ==[REACT_044, ΔG:-1.8761]==> (*CHOHCH2) ==[REACT_045, ΔG:1.4342]==> (*CH2CH) ==[REACT_048, ΔG:-1.8826]==> (CH2CH2)",(CO2) -> (*CO2) -> (*COOH) -> (*CO) -> (*COH) -> (*COHCHO) -> (*COHCH2O) -> (*COHCH2OH) -> (*CHOHCH2OH) -> (*CHOHCH2) -> (*CH2CH) -> (CH2CH2)
27,11,-1.12,5.94,2.94,"(CO2) ==[REACT_001, ΔG:0.0264]==> (*CO2) ==[REACT_002, ΔG:2.0926]==> (*COOH) ==[REACT_003, ΔG:-1.5627]==> (*CO) ==[REACT_061, ΔG:1.4768]==> (*COCHO) ==[REACT_014, ΔG:0.9108]==> (*COHCHO) ==[REACT_007, ΔG:-0.3623]==> (*COHCHOH) ==[REACT_026, ΔG:-0.8901]==> (*COHCH2OH) ==[REACT_010, ΔG:-0.4852]==> (*CHOHCH2OH) ==[REACT_044, ΔG:-1.8761]==> (*CHOHCH2) ==[REACT_045, ΔG:1.4342]==> (*CH2CH) ==[REACT_048, ΔG:-1.8826]==> (CH2CH2)",(CO2) -> (*CO2) -> (*COOH) -> (*CO) -> (*COCHO) -> (*COHCHO) -> (*COHCHOH) -> (*COHCH2OH) -> (*CHOHCH2OH) -> (*CHOHCH2) -> (*CH2CH) -> (CH2CH2)
28,11,-2.54,4.76,2.12,"(CO2) ==[REACT_001, ΔG:0.0264]==> (*CO2) ==[REACT_002, ΔG:2.0926]==> (*COOH) ==[REACT_003, ΔG:-1.5627]==> (*CO) ==[REACT_004, ΔG:1.2087]==> (*CHO) ==[REACT_065, ΔG:-0.2395]==> (*COHCHO) ==[REACT_007, ΔG:-0.3623]==> (*COHCHOH) ==[REACT_026, ΔG:-0.8901]==> (*COHCH2OH) ==[REACT_010, ΔG:-0.4852]==> (*CHOHCH2OH) ==[REACT_044, ΔG:-1.8761]==> (*CHOHCH2) ==[REACT_045, ΔG:1.4342]==> (*CH2CH) ==[REACT_048, ΔG:-1.8826]==> (CH2CH2)",(CO2) -> (*CO2) -> (*COOH) -> (*CO) -> (*CHO) -> (*COHCHO) -> (*COHCHOH) -> (*COHCH2OH) -> (*CHOHCH2OH) -> (*CHOHCH2) -> (*CH2CH) -> (CH2CH2)
29,11,-0.8,6.5,3.51,"(CO2) ==[REACT_001, ΔG:0.0264]==> (*CO2) ==[REACT_002, ΔG:2.0926]==> (*COOH) ==[REACT_003, ΔG:-1.5627]==> (*CO) ==[REACT_059, ΔG:2.9495]==> (*COH) ==[REACT_065, ΔG:-0.2395]==> (*COHCHO) ==[REACT_007, ΔG:-0.3623]==> (*COHCHOH) ==[REACT_026, ΔG:-0.8901]==> (*COHCH2OH) ==[REACT_010, ΔG:-0.4852]==> (*CHOHCH2OH) ==[REACT_044, ΔG:-1.8761]==> (*CHOHCH2) ==[REACT_045, ΔG:1.4342]==> (*CH2CH) ==[REACT_048, ΔG:-1.8826]==> (CH2CH2)",(CO2) -> (*CO2) -> (*COOH) -> (*CO) -> (*COH) -> (*COHCHO) -> (*COHCHOH) -> (*COHCH2OH) -> (*CHOHCH2OH) -> (*CHOHCH2) -> (*CH2CH) -> (CH2CH2)
30,11,-3.5,3.67,2.12,"(CO2) ==[REACT_001, ΔG:0.0264]==> (*CO2) ==[REACT_002, ΔG:2.0926]==> (*COOH) ==[REACT_003, ΔG:-1.5627]==> (*CO) ==[REACT_062, ΔG:-0.058]==> (*COHCO) ==[REACT_027, ΔG:-0.4064]==> (*COHCOH) ==[REACT_028, ΔG:0.1119]==> (*COHCHOH) ==[REACT_026, ΔG:-0.8901]==> (*COHCH2OH) ==[REACT_010, ΔG:-0.4852]==> (*CHOHCH2OH) ==[REACT_044, ΔG:-1.8761]==> (*CHOHCH2) ==[REACT_045, ΔG:1.4342]==> (*CH2CH) ==[REACT_048, ΔG:-1.8826]==> (CH2CH2)",(CO2) -> (*CO2) -> (*COOH) -> (*CO) -> (*COHCO) -> (*COHCOH) -> (*COHCHOH) -> (*COHCH2OH) -> (*CHOHCH2OH) -> (*CHOHCH2) -> (*CH2CH) -> (CH2CH2)
31,11,-3.03,6.61,3.51,"(CO2) ==[REACT_001, ΔG:0.0264]==> (*CO2) ==[REACT_002, ΔG:2.0926]==> (*COOH) ==[REACT_003, ΔG:-1.5627]==> (*CO) ==[REACT_059, ΔG:2.9495]==> (*COH) ==[REACT_064, ΔG:-2.9506]==> (*COHCOH) ==[REACT_028, ΔG:0.1119]==> (*COHCHOH) ==[REACT_026, ΔG:-0.8901]==> (*COHCH2OH) ==[REACT_010, ΔG:-0.4852]==> (*CHOHCH2OH) ==[REACT_044, ΔG:-1.8761]==> (*CHOHCH2) ==[REACT_045, ΔG:1.4342]==> (*CH2CH) ==[REACT_048, ΔG:-1.8826]==> (CH2CH2)",(CO2) -> (*CO2) -> (*COOH) -> (*CO) -> (*COH) -> (*COHCOH) -> (*COHCHOH) -> (*COHCH2OH) -> (*CHOHCH2OH) -> (*CHOHCH2) -> (*CH2CH) -> (CH2CH2)
32,11,-1.12,6.32,2.12,"(CO2) ==[REACT_001, ΔG:0.0264]==> (*CO2) ==[REACT_002, ΔG:2.0926]==> (*COOH) ==[REACT_003, ΔG:-1.5627]==> (*CO) ==[REACT_061, ΔG:1.4768]==> (*COCHO) ==[REACT_006, ΔG:-0.2253]==> (*CHOCHO) ==[REACT_015, ΔG:0.1258]==> (*CHOCH2O) ==[REACT_016, ΔG:-1.8899]==> (*CHOHCH2O) ==[REACT_019, ΔG:1.1625]==> (*CHOHCH2OH) ==[REACT_044, ΔG:-1.8761]==> (*CHOHCH2) ==[REACT_045, ΔG:1.4342]==> (*CH2CH) ==[REACT_048, ΔG:-1.8826]==> (CH2CH2)",(CO2) -> (*CO2) -> (*COOH) -> (*CO) -> (*COCHO) -> (*CHOCHO) -> (*CHOCH2O) -> (*CHOHCH2O) -> (*CHOHCH2OH) -> (*CHOHCH2) -> (*CH2CH) -> (CH2CH2)
33,11,0.32,7.53,3.37,"(CO2) ==[REACT_001, ΔG:0.0264]==> (*CO2) ==[REACT_002, ΔG:2.0926]==> (*COOH) ==[REACT_003, ΔG:-1.5627]==> (*CO) ==[REACT_004, ΔG:1.2087]==> (*CHO) ==[REACT_063, ΔG:1.478]==> (*CHOCHO) ==[REACT_015, ΔG:0.1258]==> (*CHOCH2O) ==[REACT_016, ΔG:-1.8899]==> (*CHOHCH2O) ==[REACT_019, ΔG:1.1625]==> (*CHOHCH2OH) ==[REACT_044, ΔG:-1.8761]==> (*CHOHCH2) ==[REACT_045, ΔG:1.4342]==> (*CH2CH) ==[REACT_048, ΔG:-1.8826]==> (CH2CH2)",(CO2) -> (*CO2) -> (*COOH) -> (*CO) -> (*CHO) -> (*CHOCHO) -> (*CHOCH2O) -> (*CHOHCH2O) -> (*CHOHCH2OH) -> (*CHOHCH2) -> (*CH2CH) -> (CH2CH2)
34,11,-1.12,6.19,2.12,"(CO2) ==[REACT_001, ΔG:0.0264]==> (*CO2) ==[REACT_002, ΔG:2.0926]==> (*COOH) ==[REACT_003, ΔG:-1.5627]==> (*CO) ==[REACT_061, ΔG:1.4768]==> (*COCHO) ==[REACT_023, ΔG:-0.3922]==> (*COCHOH) ==[REACT_024, ΔG:-0.721]==> (*CHOCHOH) ==[REACT_034, ΔG:-0.8779]==> (*CHOCH2OH) ==[REACT_037, ΔG:1.1642]==> (*CHOHCH2OH) ==[REACT_044, ΔG:-1.8761]==> (*CHOHCH2) ==[REACT_045, ΔG:1.4342]==> (*CH2CH) ==[REACT_048, ΔG:-1.8826]==> (CH2CH2)",(CO2) -> (*CO2) -> (*COOH) -> (*CO) -> (*COCHO) -> (*COCHOH) -> (*CHOCHOH) -> (*CHOCH2OH) -> (*CHOHCH2OH) -> (*CHOHCH2) -> (*CH2CH) -> (CH2CH2)
35,11,-1.12,6.19,2.12,"(CO2) ==[REACT_001, ΔG:0.0264]==> (*CO2) ==[REACT_002, ΔG:2.0926]==> (*COOH) ==[REACT_003, ΔG:-1.5627]==> (*CO) ==[REACT_061, ΔG:1.4768]==> (*COCHO) ==[REACT_023, ΔG:-0.3922]==> (*COCHOH) ==[REACT_057, ΔG:-0.1827]==> (*COCH2OH) ==[REACT_058, ΔG:-1.4162]==> (*CHOCH2OH) ==[REACT_037, ΔG:1.1642]==> (*CHOHCH2OH) ==[REACT_044, ΔG:-1.8761]==> (*CHOHCH2) ==[REACT_045, ΔG:1.4342]==> (*CH2CH) ==[REACT_048, ΔG:-1.8826]==> (CH2CH2)",(CO2) -> (*CO2) -> (*COOH) -> (*CO) -> (*COCHO) -> (*COCHOH) -> (*COCH2OH) -> (*CHOCH2OH) -> (*CHOHCH2OH) -> (*CHOHCH2) -> (*CH2CH) -> (CH2CH2)
36,11,-3.5,3.66,2.12,"(CO2) ==[REACT_001, ΔG:0.0264]==> (*CO2) ==[REACT_002, ΔG:2.0926]==> (*COOH) ==[REACT_003, ΔG:-1.5627]==> (*CO) ==[REACT_062, ΔG:-0.058]==> (*COHCO) ==[REACT_027, ΔG:-0.4064]==> (*COHCOH) ==[REACT_029, ΔG:0.1219]==> (*CHOHCOH) ==[REACT_031, ΔG:-0.9001]==> (*CH2OHCOH) ==[REACT_041, ΔG:-0.7072]==> (*CH2COH) ==[REACT_046, ΔG:-1.6434]==> (*CH2C) ==[REACT_047, ΔG:1.4235]==> (*CH2CH) ==[REACT_048, ΔG:-1.8826]==> (CH2CH2)",(CO2) -> (*CO2) -> (*COOH) -> (*CO) -> (*COHCO) -> (*COHCOH) -> (*CHOHCOH) -> (*CH2OHCOH) -> (*CH2COH) -> (*CH2C) -> (*CH2CH) -> (CH2CH2)
37,11,-3.03,6.61,3.51,"(CO2) ==[REACT_001, ΔG:0.0264]==> (*CO2) ==[REACT_002, ΔG:2.0926]==> (*COOH) ==[REACT_003, ΔG:-1.5627]==> (*CO) ==[REACT_059, ΔG:2.9495]==> (*COH) ==[REACT_064, ΔG:-2.9506]==> (*COHCOH) ==[REACT_029, ΔG:0.1219]==> (*CHOHCOH) ==[REACT_031, ΔG:-0.9001]==> (*CH2OHCOH) ==[REACT_041, ΔG:-0.7072]==> (*CH2COH) ==[REACT_046, ΔG:-1.6434]==> (*CH2C) ==[REACT_047, ΔG:1.4235]==> (*CH2CH) ==[REACT_048, ΔG:-1.8826]==> (CH2CH2)",(CO2) -> (*CO2) -> (*COOH) -> (*CO) -> (*COH) -> (*COHCOH) -> (*CHOHCOH) -> (*CH2OHCOH) -> (*CH2COH) -> (*CH2C) -> (*CH2CH) -> (CH2CH2)
38,11,-1.12,5.93,2.94,"(CO2) ==[REACT_001, ΔG:0.0264]==> (*CO2) ==[REACT_002, ΔG:2.0926]==> (*COOH) ==[REACT_003, ΔG:-1.5627]==> (*CO) ==[REACT_061, ΔG:1.4768]==> (*COCHO) ==[REACT_014, ΔG:0.9108]==> (*COHCHO) ==[REACT_038, ΔG:-0.3522]==> (*CHOHCOH) ==[REACT_031, ΔG:-0.9001]==> (*CH2OHCOH) ==[REACT_041, ΔG:-0.7072]==> (*CH2COH) ==[REACT_046, ΔG:-1.6434]==> (*CH2C) ==[REACT_047, ΔG:1.4235]==> (*CH2CH) ==[REACT_048, ΔG:-1.8826]==> (CH2CH2)",(CO2) -> (*CO2) -> (*COOH) -> (*CO) -> (*COCHO) -> (*COHCHO) -> (*CHOHCOH) -> (*CH2OHCOH) -> (*CH2COH) -> (*CH2C) -> (*CH2CH) -> (CH2CH2)
39,11,-2.54,4.75,2.12,"(CO2) ==[REACT_001, ΔG:0.0264]==> (*CO2) ==[REACT_002, ΔG:2.0926]==> (*COOH) ==[REACT_003, ΔG:-1.5627]==> (*CO) ==[REACT_004, ΔG:1.2087]==> (*CHO) ==[REACT_065, ΔG:-0.2395]==> (*COHCHO) ==[REACT_038, ΔG:-0.3522]==> (*CHOHCOH) ==[REACT_031, ΔG:-0.9001]==> (*CH2OHCOH) ==[REACT_041, ΔG:-0.7072]==> (*CH2COH) ==[REACT_046, ΔG:-1.6434]==> (*CH2C) ==[REACT_047, ΔG:1.4235]==> (*CH2CH) ==[REACT_048, ΔG:-1.8826]==> (CH2CH2)",(CO2) -> (*CO2) -> (*COOH) -> (*CO) -> (*CHO) -> (*COHCHO) -> (*CHOHCOH) -> (*CH2OHCOH) -> (*CH2COH) -> (*CH2C) -> (*CH2CH) -> (CH2CH2)
40,11,-0.8,6.49,3.51,"(CO2) ==[REACT_001, ΔG:0.0264]==> (*CO2) ==[REACT_002, ΔG:2.0926]==> (*COOH) ==[REACT_003, ΔG:-1.5627]==> (*CO) ==[REACT_059, ΔG:2.9495]==> (*COH) ==[REACT_065, ΔG:-0.2395]==> (*COHCHO) ==[REACT_038, ΔG:-0.3522]==> (*CHOHCOH) ==[REACT_031, ΔG:-0.9001]==> (*CH2OHCOH) ==[REACT_041, ΔG:-0.7072]==> (*CH2COH) ==[REACT_046, ΔG:-1.6434]==> (*CH2C) ==[REACT_047, ΔG:1.4235]==> (*CH2CH) ==[REACT_048, ΔG:-1.8826]==> (CH2CH2)",(CO2) -> (*CO2) -> (*COOH) -> (*CO) -> (*COH) -> (*COHCHO) -> (*CHOHCOH) -> (*CH2OHCOH) -> (*CH2COH) -> (*CH2C) -> (*CH2CH) -> (CH2CH2)
41,11,-3.5,3.8,2.12,"(CO2) ==[REACT_001, ΔG:0.0264]==> (*CO2) ==[REACT_002, ΔG:2.0926]==> (*COOH) ==[REACT_003, ΔG:-1.5627]==> (*CO) ==[REACT_062, ΔG:-0.058]==> (*COHCO) ==[REACT_027, ΔG:-0.4064]==> (*COHCOH) ==[REACT_029, ΔG:0.1219]==> (*CHOHCOH) ==[REACT_031, ΔG:-0.9001]==> (*CH2OHCOH) ==[REACT_041, ΔG:-0.7072]==> (*CH2COH) ==[REACT_042, ΔG:-1.7832]==> (*CH2CHOH) ==[REACT_053, ΔG:1.5634]==> (*CH2CH) ==[REACT_048, ΔG:-1.8826]==> (CH2CH2)",(CO2) -> (*CO2) -> (*COOH) -> (*CO) -> (*COHCO) -> (*COHCOH) -> (*CHOHCOH) -> (*CH2OHCOH) -> (*CH2COH) -> (*CH2CHOH) -> (*CH2CH) -> (CH2CH2)
42,11,-3.03,6.75,3.51,"(CO2) ==[REACT_001, ΔG:0.0264]==> (*CO2) ==[REACT_002, ΔG:2.0926]==> (*COOH) ==[REACT_003, ΔG:-1.5627]==> (*CO) ==[REACT_059, ΔG:2.9495]==> (*COH) ==[REACT_064, ΔG:-2.9506]==> (*COHCOH) ==[REACT_029, ΔG:0.1219]==> (*CHOHCOH) ==[REACT_031, ΔG:-0.9001]==> (*CH2OHCOH) ==[REACT_041, ΔG:-0.7072]==> (*CH2COH) ==[REACT_042, ΔG:-1.7832]==> (*CH2CHOH) ==[REACT_053, ΔG:1.5634]==> (*CH2CH) ==[REACT_048, ΔG:-1.8826]==> (CH2CH2)",(CO2) -> (*CO2) -> (*COOH) -> (*CO) -> (*COH) -> (*COHCOH) -> (*CHOHCOH) -> (*CH2OHCOH) -> (*CH2COH) -> (*CH2CHOH) -> (*CH2CH) -> (CH2CH2)
43,11,-1.12,6.07,2.94,"(CO2) ==[REACT_001, ΔG:0.0264]==> (*CO2) ==[REACT_002, ΔG:2.0926]==> (*COOH) ==[REACT_003, ΔG:-1.5627]==> (*CO) ==[REACT_061, ΔG:1.4768]==> (*COCHO) ==[REACT_014, ΔG:0.9108]==> (*COHCHO) ==[REACT_038, ΔG:-0.3522]==> (*CHOHCOH) ==[REACT_031, ΔG:-0.9001]==> (*CH2OHCOH) ==[REACT_041, ΔG:-0.7072]==> (*CH2COH) ==[REACT_042, ΔG:-1.7832]==> (*CH2CHOH) ==[REACT_053, ΔG:1.5634]==> (*CH2CH) ==[REACT_048, ΔG:-1.8826]==> (CH2CH2)",(CO2) -> (*CO2) -> (*COOH) -> (*CO) -> (*COCHO) -> (*COHCHO) -> (*CHOHCOH) -> (*CH2OHCOH) -> (*CH2COH) -> (*CH2CHOH) -> (*CH2CH) -> (CH2CH2)
44,11,-2.54,4.89,2.12,"(CO2) ==[REACT_001, ΔG:0.0264]==> (*CO2) ==[REACT_002, ΔG:2.0926]==> (*COOH) ==[REACT_003, ΔG:-1.5627]==> (*CO) ==[REACT_004, ΔG:1.2087]==> (*CHO) ==[REACT_065, ΔG:-0.2395]==> (*COHCHO) ==[REACT_038, ΔG:-0.3522]==> (*CHOHCOH) ==[REACT_031, ΔG:-0.9001]==> (*CH2OHCOH) ==[REACT_041, ΔG:-0.7072]==> (*CH2COH) ==[REACT_042, ΔG:-1.7832]==> (*CH2CHOH) ==[REACT_053, ΔG:1.5634]==> (*CH2CH) ==[REACT_048, ΔG:-1.8826]==> (CH2CH2)",(CO2) -> (*CO2) -> (*COOH) -> (*CO) -> (*CHO) -> (*COHCHO) -> (*CHOHCOH) -> (*CH2OHCOH) -> (*CH2COH) -> (*CH2CHOH) -> (*CH2CH) -> (CH2CH2)
45,11,-0.8,6.63,3.51,"(CO2) ==[REACT_001, ΔG:0.0264]==> (*CO2) ==[REACT_002, ΔG:2.0926]==> (*COOH) ==[REACT_003, ΔG:-1.5627]==> (*CO) ==[REACT_059, ΔG:2.9495]==> (*COH) ==[REACT_065, ΔG:-0.2395]==> (*COHCHO) ==[REACT_038, ΔG:-0.3522]==> (*CHOHCOH) ==[REACT_031, ΔG:-0.9001]==> (*CH2OHCOH) ==[REACT_041, ΔG:-0.7072]==> (*CH2COH) ==[REACT_042, ΔG:-1.7832]==> (*CH2CHOH) ==[REACT_053, ΔG:1.5634]==> (*CH2CH) ==[REACT_048, ΔG:-1.8826]==> (CH2CH2)",(CO2) -> (*CO2) -> (*COOH) -> (*CO) -> (*COH) -> (*COHCHO) -> (*CHOHCOH) -> (*CH2OHCOH) -> (*CH2COH) -> (*CH2CHOH) -> (*CH2CH) -> (CH2CH2)
46,12,-1.71,4.46,2.13,"(CO2) ==[REACT_001, ΔG:0.0264]==> (*CO2) ==[REACT_002, ΔG:2.0926]==> (*COOH) ==[REACT_003, ΔG:-1.5627]==> (*CO) ==[REACT_060, ΔG:0.96]==> (*COCO) ==[REACT_005, ΔG:-0.2967]==> (*COCHO) ==[REACT_014, ΔG:0.9108]==> (*COHCHO) ==[REACT_008, ΔG:-0.6508]==> (*COHCH2O) ==[REACT_009, ΔG:-0.6015]==> (*COHCH2OH) ==[REACT_010, ΔG:-0.4852]==> (*CHOHCH2OH) ==[REACT_011, ΔG:-1.1691]==> (CH2OHCH2OH) ==[REACT_012, ΔG:0.4672]==> (*CH2OHCH2) ==[REACT_013, ΔG:-1.4043]==> (CH2CH2)",(CO2) -> (*CO2) -> (*COOH) -> (*CO) -> (*COCO) -> (*COCHO) -> (*COHCHO) -> (*COHCH2O) -> (*COHCH2OH) -> (*CHOHCH2OH) -> (CH2OHCH2OH) -> (*CH2OHCH2) -> (CH2CH2)
47,12,0.31,6.18,4.15,"(CO2) ==[REACT_001, ΔG:0.0264]==> (*CO2) ==[REACT_002, ΔG:2.0926]==> (*COOH) ==[REACT_003, ΔG:-1.5627]==> (*CO) ==[REACT_004, ΔG:1.2087]==> (*CHO) ==[REACT_061, ΔG:1.4768]==> (*COCHO) ==[REACT_014, ΔG:0.9108]==> (*COHCHO) ==[REACT_008, ΔG:-0.6508]==> (*COHCH2O) ==[REACT_009, ΔG:-0.6015]==> (*COHCH2OH) ==[REACT_010, ΔG:-0.4852]==> (*CHOHCH2OH) ==[REACT_011, ΔG:-1.1691]==> (CH2OHCH2OH) ==[REACT_012, ΔG:0.4672]==> (*CH2OHCH2) ==[REACT_013, ΔG:-1.4043]==> (CH2CH2)",(CO2) -> (*CO2) -> (*COOH) -> (*CO) -> (*CHO) -> (*COCHO) -> (*COHCHO) -> (*COHCH2O) -> (*COHCH2OH) -> (*CHOHCH2OH) -> (CH2OHCH2OH) -> (*CH2OHCH2) -> (CH2CH2)
48,12,-1.71,4.46,2.13,"(CO2) ==[REACT_001, ΔG:0.0264]==> (*CO2) ==[REACT_002, ΔG:2.0926]==> (*COOH) ==[REACT_003, ΔG:-1.5627]==> (*CO) ==[REACT_060, ΔG:0.96]==> (*COCO) ==[REACT_005, ΔG:-0.2967]==> (*COCHO) ==[REACT_014, ΔG:0.9108]==> (*COHCHO) ==[REACT_007, ΔG:-0.3623]==> (*COHCHOH) ==[REACT_026, ΔG:-0.8901]==> (*COHCH2OH) ==[REACT_010, ΔG:-0.4852]==> (*CHOHCH2OH) ==[REACT_011, ΔG:-1.1691]==> (CH2OHCH2OH) ==[REACT_012, ΔG:0.4672]==> (*CH2OHCH2) ==[REACT_013, ΔG:-1.4043]==> (CH2CH2)",(CO2) -> (*CO2) -> (*COOH) -> (*CO) -> (*COCO) -> (*COCHO) -> (*COHCHO) -> (*COHCHOH) -> (*COHCH2OH) -> (*CHOHCH2OH) -> (CH2OHCH2OH) -> (*CH2OHCH2) -> (CH2CH2)
49,12,0.31,6.18,4.15,"(CO2) ==[REACT_001, ΔG:0.0264]==> (*CO2) ==[REACT_002, ΔG:2.0926]==> (*COOH) ==[REACT_003, ΔG:-1.5627]==> (*CO) ==[REACT_004, ΔG:1.2087]==> (*CHO) ==[REACT_061, ΔG:1.4768]==> (*COCHO) ==[REACT_014, ΔG:0.9108]==> (*COHCHO) ==[REACT_007, ΔG:-0.3623]==> (*COHCHOH) ==[REACT_026, ΔG:-0.8901]==> (*COHCH2OH) ==[REACT_010, ΔG:-0.4852]==> (*CHOHCH2OH) ==[REACT_011, ΔG:-1.1691]==> (CH2OHCH2OH) ==[REACT_012, ΔG:0.4672]==> (*CH2OHCH2) ==[REACT_013, ΔG:-1.4043]==> (CH2CH2)",(CO2) -> (*CO2) -> (*COOH) -> (*CO) -> (*CHO) -> (*COCHO) -> (*COHCHO) -> (*COHCHOH) -> (*COHCH2OH) -> (*CHOHCH2OH) -> (CH2OHCH2OH) -> (*CH2OHCH2) -> (CH2CH2)
50,12,-0.33,5.65,3.51,"(CO2) ==[REACT_001, ΔG:0.0264]==> (*CO2) ==[REACT_002, ΔG:2.0926]==> (*COOH) ==[REACT_003, ΔG:-1.5627]==> (*CO) ==[REACT_059, ΔG:2.9495]==> (*COH) ==[REACT_062, ΔG:-0.058]==> (*COHCO) ==[REACT_027, ΔG:-0.4064]==> (*COHCOH) ==[REACT_028, ΔG:0.1119]==> (*COHCHOH) ==[REACT_026, ΔG:-0.8901]==> (*COHCH2OH) ==[REACT_010, ΔG:-0.4852]==> (*CHOHCH2OH) ==[REACT_011, ΔG:-1.1691]==> (CH2OHCH2OH) ==[REACT_012, ΔG:0.4672]==> (*CH2OHCH2) ==[REACT_013, ΔG:-1.4043]==> (CH2CH2)",(CO2) -> (*CO2) -> (*COOH) -> (*CO) -> (*COH) -> (*COHCO) -> (*COHCOH) -> (*COHCHOH) -> (*COHCH2OH) -> (*CHOHCH2OH) -> (CH2OHCH2OH) -> (*CH2OHCH2) -> (CH2CH2)
51,12,-1.71,4.83,2.12,"(CO2) ==[REACT_001, ΔG:0.0264]==> (*CO2) ==[REACT_002, ΔG:2.0926]==> (*COOH) ==[REACT_003, ΔG:-1.5627]==> (*CO) ==[REACT_060, ΔG:0.96]==> (*COCO) ==[REACT_005, ΔG:-0.2967]==> (*COCHO) ==[REACT_006, ΔG:-0.2253]==> (*CHOCHO) ==[REACT_015, ΔG:0.1258]==> (*CHOCH2O) ==[REACT_016, ΔG:-1.8899]==> (*CHOHCH2O) ==[REACT_019, ΔG:1.1625]==> (*CHOHCH2OH) ==[REACT_011, ΔG:-1.1691]==> (CH2OHCH2OH) ==[REACT_012, ΔG:0.4672]==> (*CH2OHCH2) ==[REACT_013, ΔG:-1.4043]==> (CH2CH2)",(CO2) -> (*CO2) -> (*COOH) -> (*CO) -> (*COCO) -> (*COCHO) -> (*CHOCHO) -> (*CHOCH2O) -> (*CHOHCH2O) -> (*CHOHCH2OH) -> (CH2OHCH2OH) -> (*CH2OHCH2) -> (CH2CH2)
52,12,0.31,6.56,3.24,"(CO2) ==[REACT_001, ΔG:0.0264]==> (*CO2) ==[REACT_002, ΔG:2.0926]==> (*COOH) ==[REACT_003, ΔG:-1.5627]==> (*CO) ==[REACT_004, ΔG:1.2087]==> (*CHO) ==[REACT_061, ΔG:1.4768]==> (*COCHO) ==[REACT_006, ΔG:-0.2253]==> (*CHOCHO) ==[REACT_015, ΔG:0.1258]==> (*CHOCH2O) ==[REACT_016, ΔG:-1.8899]==> (*CHOHCH2O) ==[REACT_019, ΔG:1.1625]==> (*CHOHCH2OH) ==[REACT_011, ΔG:-1.1691]==> (CH2OHCH2OH) ==[REACT_012, ΔG:0.4672]==> (*CH2OHCH2) ==[REACT_013, ΔG:-1.4043]==> (CH2CH2)",(CO2) -> (*CO2) -> (*COOH) -> (*CO) -> (*CHO) -> (*COCHO) -> (*CHOCHO) -> (*CHOCH2O) -> (*CHOHCH2O) -> (*CHOHCH2OH) -> (CH2OHCH2OH) -> (*CH2OHCH2) -> (CH2CH2)
53,12,-1.71,4.71,2.12,"(CO2) ==[REACT_001, ΔG:0.0264]==> (*CO2) ==[REACT_002, ΔG:2.0926]==> (*COOH) ==[REACT_003, ΔG:-1.5627]==> (*CO) ==[REACT_060, ΔG:0.96]==> (*COCO) ==[REACT_005, ΔG:-0.2967]==> (*COCHO) ==[REACT_023, ΔG:-0.3922]==> (*COCHOH) ==[REACT_024, ΔG:-0.721]==> (*CHOCHOH) ==[REACT_034, ΔG:-0.8779]==> (*CHOCH2OH) ==[REACT_037, ΔG:1.1642]==> (*CHOHCH2OH) ==[REACT_011, ΔG:-1.1691]==> (CH2OHCH2OH) ==[REACT_012, ΔG:0.4672]==> (*CH2OHCH2) ==[REACT_013, ΔG:-1.4043]==> (CH2CH2)",(CO2) -> (*CO2) -> (*COOH) -> (*CO) -> (*COCO) -> (*COCHO) -> (*COCHOH) -> (*CHOCHOH) -> (*CHOCH2OH) -> (*CHOHCH2OH) -> (CH2OHCH2OH) -> (*CH2OHCH2) -> (CH2CH2)
54,12,0.31,6.44,3.24,"(CO2) ==[REACT_001, ΔG:0.0264]==> (*CO2) ==[REACT_002, ΔG:2.0926]==> (*COOH) ==[REACT_003, ΔG:-1.5627]==> (*CO) ==[REACT_004, ΔG:1.2087]==> (*CHO) ==[REACT_061, ΔG:1.4768]==> (*COCHO) ==[REACT_023, ΔG:-0.3922]==> (*COCHOH) ==[REACT_024, ΔG:-0.721]==> (*CHOCHOH) ==[REACT_034, ΔG:-0.8779]==> (*CHOCH2OH) ==[REACT_037, ΔG:1.1642]==> (*CHOHCH2OH) ==[REACT_011, ΔG:-1.1691]==> (CH2OHCH2OH) ==[REACT_012, ΔG:0.4672]==> (*CH2OHCH2) ==[REACT_013, ΔG:-1.4043]==> (CH2CH2)",(CO2) -> (*CO2) -> (*COOH) -> (*CO) -> (*CHO) -> (*COCHO) -> (*COCHOH) -> (*CHOCHOH) -> (*CHOCH2OH) -> (*CHOHCH2OH) -> (CH2OHCH2OH) -> (*CH2OHCH2) -> (CH2CH2)
55,12,-1.71,4.83,2.12,"(CO2) ==[REACT_001, ΔG:0.0264]==> (*CO2) ==[REACT_002, ΔG:2.0926]==> (*COOH) ==[REACT_003, ΔG:-1.5627]==> (*CO) ==[REACT_060, ΔG:0.96]==> (*COCO) ==[REACT_055, ΔG:0.1159]==> (*COCOH) ==[REACT_056, ΔG:-0.8047]==> (*COCHOH) ==[REACT_024, ΔG:-0.721]==> (*CHOCHOH) ==[REACT_034, ΔG:-0.8779]==> (*CHOCH2OH) ==[REACT_037, ΔG:1.1642]==> (*CHOHCH2OH) ==[REACT_011, ΔG:-1.1691]==> (CH2OHCH2OH) ==[REACT_012, ΔG:0.4672]==> (*CH2OHCH2) ==[REACT_013, ΔG:-1.4043]==> (CH2CH2)",(CO2) -> (*CO2) -> (*COOH) -> (*CO) -> (*COCO) -> (*COCOH) -> (*COCHOH) -> (*CHOCHOH) -> (*CHOCH2OH) -> (*CHOHCH2OH) -> (CH2OHCH2OH) -> (*CH2OHCH2) -> (CH2CH2)
56,12,-1.71,4.83,2.12,"(CO2) ==[REACT_001, ΔG:0.0264]==> (*CO2) ==[REACT_002, ΔG:2.0926]==> (*COOH) ==[REACT_003, ΔG:-1.5627]==> (*CO) ==[REACT_060, ΔG:0.96]==> (*COCO) ==[REACT_055, ΔG:0.1159]==> (*COCOH) ==[REACT_032, ΔG:-0.4488]==> (*CHOCOH) ==[REACT_033, ΔG:-1.0769]==> (*CHOCHOH) ==[REACT_034, ΔG:-0.8779]==> (*CHOCH2OH) ==[REACT_037, ΔG:1.1642]==> (*CHOHCH2OH) ==[REACT_011, ΔG:-1.1691]==> (CH2OHCH2OH) ==[REACT_012, ΔG:0.4672]==> (*CH2OHCH2) ==[REACT_013, ΔG:-1.4043]==> (CH2CH2)",(CO2) -> (*CO2) -> (*COOH) -> (*CO) -> (*COCO) -> (*COCOH) -> (*CHOCOH) -> (*CHOCHOH) -> (*CHOCH2OH) -> (*CHOHCH2OH) -> (CH2OHCH2OH) -> (*CH2OHCH2) -> (CH2CH2)
57,12,-1.71,4.71,2.12,"(CO2) ==[REACT_001, ΔG:0.0264]==> (*CO2) ==[REACT_002, ΔG:2.0926]==> (*COOH) ==[REACT_003, ΔG:-1.5627]==> (*CO) ==[REACT_060, ΔG:0.96]==> (*COCO) ==[REACT_005, ΔG:-0.2967]==> (*COCHO) ==[REACT_023, ΔG:-0.3922]==> (*COCHOH) ==[REACT_057, ΔG:-0.1827]==> (*COCH2OH) ==[REACT_058, ΔG:-1.4162]==> (*CHOCH2OH) ==[REACT_037, ΔG:1.1642]==> (*CHOHCH2OH) ==[REACT_011, ΔG:-1.1691]==> (CH2OHCH2OH) ==[REACT_012, ΔG:0.4672]==> (*CH2OHCH2) ==[REACT_013, ΔG:-1.4043]==> (CH2CH2)",(CO2) -> (*CO2) -> (*COOH) -> (*CO) -> (*COCO) -> (*COCHO) -> (*COCHOH) -> (*COCH2OH) -> (*CHOCH2OH) -> (*CHOHCH2OH) -> (CH2OHCH2OH) -> (*CH2OHCH2) -> (CH2CH2)
58,12,0.31,6.44,3.24,"(CO2) ==[REACT_001, ΔG:0.0264]==> (*CO2) ==[REACT_002, ΔG:2.0926]==> (*COOH) ==[REACT_003, ΔG:-1.5627]==> (*CO) ==[REACT_004, ΔG:1.2087]==> (*CHO) ==[REACT_061, ΔG:1.4768]==> (*COCHO) ==[REACT_023, ΔG:-0.3922]==> (*COCHOH) ==[REACT_057, ΔG:-0.1827]==> (*COCH2OH) ==[REACT_058, ΔG:-1.4162]==> (*CHOCH2OH) ==[REACT_037, ΔG:1.1642]==> (*CHOHCH2OH) ==[REACT_011, ΔG:-1.1691]==> (CH2OHCH2OH) ==[REACT_012, ΔG:0.4672]==> (*CH2OHCH2) ==[REACT_013, ΔG:-1.4043]==> (CH2CH2)",(CO2) -> (*CO2) -> (*COOH) -> (*CO) -> (*CHO) -> (*COCHO) -> (*COCHOH) -> (*COCH2OH) -> (*CHOCH2OH) -> (*CHOHCH2OH) -> (CH2OHCH2OH) -> (*CH2OHCH2) -> (CH2CH2)
59,12,-1.71,4.83,2.12,"(CO2) ==[REACT_001, ΔG:0.0264]==> (*CO2) ==[REACT_002, ΔG:2.0926]==> (*COOH) ==[REACT_003, ΔG:-1.5627]==> (*CO) ==[REACT_060, ΔG:0.96]==> (*COCO) ==[REACT_055, ΔG:0.1159]==> (*COCOH) ==[REACT_056, ΔG:-0.8047]==> (*COCHOH) ==[REACT_057, ΔG:-0.1827]==> (*COCH2OH) ==[REACT_058, ΔG:-1.4162]==> (*CHOCH2OH) ==[REACT_037, ΔG:1.1642]==> (*CHOHCH2OH) ==[REACT_011, ΔG:-1.1691]==> (CH2OHCH2OH) ==[REACT_012, ΔG:0.4672]==> (*CH2OHCH2) ==[REACT_013, ΔG:-1.4043]==> (CH2CH2)",(CO2) -> (*CO2) -> (*COOH) -> (*CO) -> (*COCO) -> (*COCOH) -> (*COCHOH) -> (*COCH2OH) -> (*CHOCH2OH) -> (*CHOHCH2OH) -> (CH2OHCH2OH) -> (*CH2OHCH2) -> (CH2CH2)
60,12,-1.71,5.25,2.12,"(CO2) ==[REACT_001, ΔG:0.0264]==> (*CO2) ==[REACT_002, ΔG:2.0926]==> (*COOH) ==[REACT_003, ΔG:-1.5627]==> (*CO) ==[REACT_060, ΔG:0.96]==> (*COCO) ==[REACT_005, ΔG:-0.2967]==> (*COCHO) ==[REACT_006, ΔG:-0.2253]==> (*CHOCHO) ==[REACT_015, ΔG:0.1258]==> (*CHOCH2O) ==[REACT_016, ΔG:-1.8899]==> (*CHOHCH2O) ==[REACT_017, ΔG:1.5732]==> (*CH2OHCH2O) ==[REACT_018, ΔG:-1.5797]==> (CH2OHCH2OH) ==[REACT_012, ΔG:0.4672]==> (*CH2OHCH2) ==[REACT_013, ΔG:-1.4043]==> (CH2CH2)",(CO2) -> (*CO2) -> (*COOH) -> (*CO) -> (*COCO) -> (*COCHO) -> (*CHOCHO) -> (*CHOCH2O) -> (*CHOHCH2O) -> (*CH2OHCH2O) -> (CH2OHCH2OH) -> (*CH2OHCH2) -> (CH2CH2)
61,12,0.31,6.97,3.24,"(CO2) ==[REACT_001, ΔG:0.0264]==> (*CO2) ==[REACT_002, ΔG:2.0926]==> (*COOH) ==[REACT_003, ΔG:-1.5627]==> (*CO) ==[REACT_004, ΔG:1.2087]==> (*CHO) ==[REACT_061, ΔG:1.4768]==> (*COCHO) ==[REACT_006, ΔG:-0.2253]==> (*CHOCHO) ==[REACT_015, ΔG:0.1258]==> (*CHOCH2O) ==[REACT_016, ΔG:-1.8899]==> (*CHOHCH2O) ==[REACT_017, ΔG:1.5732]==> (*CH2OHCH2O) ==[REACT_018, ΔG:-1.5797]==> (CH2OHCH2OH) ==[REACT_012, ΔG:0.4672]==> (*CH2OHCH2) ==[REACT_013, ΔG:-1.4043]==> (CH2CH2)",(CO2) -> (*CO2) -> (*COOH) -> (*CO) -> (*CHO) -> (*COCHO) -> (*CHOCHO) -> (*CHOCH2O) -> (*CHOHCH2O) -> (*CH2OHCH2O) -> (CH2OHCH2OH) -> (*CH2OHCH2) -> (CH2CH2)
62,12,-1.71,5.12,2.12,"(CO2) ==[REACT_001, ΔG:0.0264]==> (*CO2) ==[REACT_002, ΔG:2.0926]==> (*COOH) ==[REACT_003, ΔG:-1.5627]==> (*CO) ==[REACT_060, ΔG:0.96]==> (*COCO) ==[REACT_005, ΔG:-0.2967]==> (*COCHO) ==[REACT_023, ΔG:-0.3922]==> (*COCHOH) ==[REACT_024, ΔG:-0.721]==> (*CHOCHOH) ==[REACT_034, ΔG:-0.8779]==> (*CHOCH2OH) ==[REACT_035, ΔG:1.5749]==> (*CH2OCH2OH) ==[REACT_036, ΔG:-1.5797]==> (CH2OHCH2OH) ==[REACT_012, ΔG:0.4672]==> (*CH2OHCH2) ==[REACT_013, ΔG:-1.4043]==> (CH2CH2)",(CO2) -> (*CO2) -> (*COOH) -> (*CO) -> (*COCO) -> (*COCHO) -> (*COCHOH) -> (*CHOCHOH) -> (*CHOCH2OH) -> (*CH2OCH2OH) -> (CH2OHCH2OH) -> (*CH2OHCH2) -> (CH2CH2)
63,12,0.31,6.85,3.24,"(CO2) ==[REACT_001, ΔG:0.0264]==> (*CO2) ==[REACT_002, ΔG:2.0926]==> (*COOH) ==[REACT_003, ΔG:-1.5627]==> (*CO) ==[REACT_004, ΔG:1.2087]==> (*CHO) ==[REACT_061, ΔG:1.4768]==> (*COCHO) ==[REACT_023, ΔG:-0.3922]==> (*COCHOH) ==[REACT_024, ΔG:-0.721]==> (*CHOCHOH) ==[REACT_034, ΔG:-0.8779]==> (*CHOCH2OH) ==[REACT_035, ΔG:1.5749]==> (*CH2OCH2OH) ==[REACT_036, ΔG:-1.5797]==> (CH2OHCH2OH) ==[REACT_012, ΔG:0.4672]==> (*CH2OHCH2) ==[REACT_013, ΔG:-1.4043]==> (CH2CH2)",(CO2) -> (*CO2) -> (*COOH) -> (*CO) -> (*CHO) -> (*COCHO) -> (*COCHOH) -> (*CHOCHOH) -> (*CHOCH2OH) -> (*CH2OCH2OH) -> (CH2OHCH2OH) -> (*CH2OHCH2) -> (CH2CH2)
64,12,-1.71,5.24,2.12,"(CO2) ==[REACT_001, ΔG:0.0264]==> (*CO2) ==[REACT_002, ΔG:2.0926]==> (*COOH) ==[REACT_003, ΔG:-1.5627]==> (*CO) ==[REACT_060, ΔG:0.96]==> (*COCO) ==[REACT_055, ΔG:0.1159]==> (*COCOH) ==[REACT_056, ΔG:-0.8047]==> (*COCHOH) ==[REACT_024, ΔG:-0.721]==> (*CHOCHOH) ==[REACT_034, ΔG:-0.8779]==> (*CHOCH2OH) ==[REACT_035, ΔG:1.5749]==> (*CH2OCH2OH) ==[REACT_036, ΔG:-1.5797]==> (CH2OHCH2OH) ==[REACT_012, ΔG:0.4672]==> (*CH2OHCH2) ==[REACT_013, ΔG:-1.4043]==> (CH2CH2)",(CO2) -> (*CO2) -> (*COOH) -> (*CO) -> (*COCO) -> (*COCOH) -> (*COCHOH) -> (*CHOCHOH) -> (*CHOCH2OH) -> (*CH2OCH2OH) -> (CH2OHCH2OH) -> (*CH2OHCH2) -> (CH2CH2)
65,12,-1.71,5.24,2.12,"(CO2) ==[REACT_001, ΔG:0.0264]==> (*CO2) ==[REACT_002, ΔG:2.0926]==> (*COOH) ==[REACT_003, ΔG:-1.5627]==> (*CO) ==[REACT_060, ΔG:0.96]==> (*COCO) ==[REACT_055, ΔG:0.1159]==> (*COCOH) ==[REACT_032, ΔG:-0.4488]==> (*CHOCOH) ==[REACT_033, ΔG:-1.0769]==> (*CHOCHOH) ==[REACT_034, ΔG:-0.8779]==> (*CHOCH2OH) ==[REACT_035, ΔG:1.5749]==> (*CH2OCH2OH) ==[REACT_036, ΔG:-1.5797]==> (CH2OHCH2OH) ==[REACT_012, ΔG:0.4672]==> (*CH2OHCH2) ==[REACT_013, ΔG:-1.4043]==> (CH2CH2)",(CO2) -> (*CO2) -> (*COOH) -> (*CO) -> (*COCO) -> (*COCOH) -> (*CHOCOH) -> (*CHOCHOH) -> (*CHOCH2OH) -> (*CH2OCH2OH) -> (CH2OHCH2OH) -> (*CH2OHCH2) -> (CH2CH2)
66,12,-1.71,5.12,2.12,"(CO2) ==[REACT_001, ΔG:0.0264]==> (*CO2) ==[REACT_002, ΔG:2.0926]==> (*COOH) ==[REACT_003, ΔG:-1.5627]==> (*CO) ==[REACT_060, ΔG:0.96]==> (*COCO) ==[REACT_005, ΔG:-0.2967]==> (*COCHO) ==[REACT_023, ΔG:-0.3922]==> (*COCHOH) ==[REACT_057, ΔG:-0.1827]==> (*COCH2OH) ==[REACT_058, ΔG:-1.4162]==> (*CHOCH2OH) ==[REACT_035, ΔG:1.5749]==> (*CH2OCH2OH) ==[REACT_036, ΔG:-1.5797]==> (CH2OHCH2OH) ==[REACT_012, ΔG:0.4672]==> (*CH2OHCH2) ==[REACT_013, ΔG:-1.4043]==> (CH2CH2)",(CO2) -> (*CO2) -> (*COOH) -> (*CO) -> (*COCO) -> (*COCHO) -> (*COCHOH) -> (*COCH2OH) -> (*CHOCH2OH) -> (*CH2OCH2OH) -> (CH2OHCH2OH) -> (*CH2OHCH2) -> (CH2CH2)
67,12,0.31,6.85,3.24,"(CO2) ==[REACT_001, ΔG:0.0264]==> (*CO2) ==[REACT_002, ΔG:2.0926]==> (*COOH) ==[REACT_003, ΔG:-1.5627]==> (*CO) ==[REACT_004, ΔG:1.2087]==> (*CHO) ==[REACT_061, ΔG:1.4768]==> (*COCHO) ==[REACT_023, ΔG:-0.3922]==> (*COCHOH) ==[REACT_057, ΔG:-0.1827]==> (*COCH2OH) ==[REACT_058, ΔG:-1.4162]==> (*CHOCH2OH) ==[REACT_035, ΔG:1.5749]==> (*CH2OCH2OH) ==[REACT_036, ΔG:-1.5797]==> (CH2OHCH2OH) ==[REACT_012, ΔG:0.4672]==> (*CH2OHCH2) ==[REACT_013, ΔG:-1.4043]==> (CH2CH2)",(CO2) -> (*CO2) -> (*COOH) -> (*CO) -> (*CHO) -> (*COCHO) -> (*COCHOH) -> (*COCH2OH) -> (*CHOCH2OH) -> (*CH2OCH2OH) -> (CH2OHCH2OH) -> (*CH2OHCH2) -> (CH2CH2)
68,12,-1.71,5.24,2.12,"(CO2) ==[REACT_001, ΔG:0.0264]==> (*CO2) ==[REACT_002, ΔG:2.0926]==> (*COOH) ==[REACT_003, ΔG:-1.5627]==> (*CO) ==[REACT_060, ΔG:0.96]==> (*COCO) ==[REACT_055, ΔG:0.1159]==> (*COCOH) ==[REACT_056, ΔG:-0.8047]==> (*COCHOH) ==[REACT_057, ΔG:-0.1827]==> (*COCH2OH) ==[REACT_058, ΔG:-1.4162]==> (*CHOCH2OH) ==[REACT_035, ΔG:1.5749]==> (*CH2OCH2OH) ==[REACT_036, ΔG:-1.5797]==> (CH2OHCH2OH) ==[REACT_012, ΔG:0.4672]==> (*CH2OHCH2) ==[REACT_013, ΔG:-1.4043]==> (CH2CH2)",(CO2) -> (*CO2) -> (*COOH) -> (*CO) -> (*COCO) -> (*COCOH) -> (*COCHOH) -> (*COCH2OH) -> (*CHOCH2OH) -> (*CH2OCH2OH) -> (CH2OHCH2OH) -> (*CH2OHCH2) -> (CH2CH2)
69,12,-1.71,5.33,2.12,"(CO2) ==[REACT_001, ΔG:0.0264]==> (*CO2) ==[REACT_002, ΔG:2.0926]==> (*COOH) ==[REACT_003, ΔG:-1.5627]==> (*CO) ==[REACT_060, ΔG:0.96]==> (*COCO) ==[REACT_005, ΔG:-0.2967]==> (*COCHO) ==[REACT_006, ΔG:-0.2253]==> (*CHOCHO) ==[REACT_015, ΔG:0.1258]==> (*CHOCH2O) ==[REACT_016, ΔG:-1.8899]==> (*CHOHCH2O) ==[REACT_017, ΔG:1.5732]==> (*CH2OHCH2O) ==[REACT_020, ΔG:-1.6918]==> (*CH2CH2O) ==[REACT_021, ΔG:0.549]==> (*CH2CH2OH) ==[REACT_022, ΔG:-1.3739]==> (CH2CH2)",(CO2) -> (*CO2) -> (*COOH) -> (*CO) -> (*COCO) -> (*COCHO) -> (*CHOCHO) -> (*CHOCH2O) -> (*CHOHCH2O) -> (*CH2OHCH2O) -> (*CH2CH2O) -> (*CH2CH2OH) -> (CH2CH2)
70,12,0.31,7.05,3.24,"(CO2) ==[REACT_001, ΔG:0.0264]==> (*CO2) ==[REACT_002, ΔG:2.0926]==> (*COOH) ==[REACT_003, ΔG:-1.5627]==> (*CO) ==[REACT_004, ΔG:1.2087]==> (*CHO) ==[REACT_061, ΔG:1.4768]==> (*COCHO) ==[REACT_006, ΔG:-0.2253]==> (*CHOCHO) ==[REACT_015, ΔG:0.1258]==> (*CHOCH2O) ==[REACT_016, ΔG:-1.8899]==> (*CHOHCH2O) ==[REACT_017, ΔG:1.5732]==> (*CH2OHCH2O) ==[REACT_020, ΔG:-1.6918]==> (*CH2CH2O) ==[REACT_021, ΔG:0.549]==> (*CH2CH2OH) ==[REACT_022, ΔG:-1.3739]==> (CH2CH2)",(CO2) -> (*CO2) -> (*COOH) -> (*CO) -> (*CHO) -> (*COCHO) -> (*CHOCHO) -> (*CHOCH2O) -> (*CHOHCH2O) -> (*CH2OHCH2O) -> (*CH2CH2O) -> (*CH2CH2OH) -> (CH2CH2)
71,12,-0.33,6.46,3.51,"(CO2) ==[REACT_001, ΔG:0.0264]==> (*CO2) ==[REACT_002, ΔG:2.0926]==> (*COOH) ==[REACT_003, ΔG:-1.5627]==> (*CO) ==[REACT_059, ΔG:2.9495]==> (*COH) ==[REACT_062, ΔG:-0.058]==> (*COHCO) ==[REACT_027, ΔG:-0.4064]==> (*COHCOH) ==[REACT_029, ΔG:0.1219]==> (*CHOHCOH) ==[REACT_031, ΔG:-0.9001]==> (*CH2OHCOH) ==[REACT_041, ΔG:-0.7072]==> (*CH2COH) ==[REACT_042, ΔG:-1.7832]==> (*CH2CHOH) ==[REACT_043, ΔG:1.2731]==> (*CH2CH2OH) ==[REACT_022, ΔG:-1.3739]==> (CH2CH2)",(CO2) -> (*CO2) -> (*COOH) -> (*CO) -> (*COH) -> (*COHCO) -> (*COHCOH) -> (*CHOHCOH) -> (*CH2OHCOH) -> (*CH2COH) -> (*CH2CHOH) -> (*CH2CH2OH) -> (CH2CH2)
72,12,-1.71,5.26,2.13,"(CO2) ==[REACT_001, ΔG:0.0264]==> (*CO2) ==[REACT_002, ΔG:2.0926]==> (*COOH) ==[REACT_003, ΔG:-1.5627]==> (*CO) ==[REACT_060, ΔG:0.96]==> (*COCO) ==[REACT_005, ΔG:-0.2967]==> (*COCHO) ==[REACT_014, ΔG:0.9108]==> (*COHCHO) ==[REACT_038, ΔG:-0.3522]==> (*CHOHCOH) ==[REACT_031, ΔG:-0.9001]==> (*CH2OHCOH) ==[REACT_041, ΔG:-0.7072]==> (*CH2COH) ==[REACT_042, ΔG:-1.7832]==> (*CH2CHOH) ==[REACT_043, ΔG:1.2731]==> (*CH2CH2OH) ==[REACT_022, ΔG:-1.3739]==> (CH2CH2)",(CO2) -> (*CO2) -> (*COOH) -> (*CO) -> (*COCO) -> (*COCHO) -> (*COHCHO) -> (*CHOHCOH) -> (*CH2OHCOH) -> (*CH2COH) -> (*CH2CHOH) -> (*CH2CH2OH) -> (CH2CH2)
73,12,0.31,6.99,4.15,"(CO2) ==[REACT_001, ΔG:0.0264]==> (*CO2) ==[REACT_002, ΔG:2.0926]==> (*COOH) ==[REACT_003, ΔG:-1.5627]==> (*CO) ==[REACT_004, ΔG:1.2087]==> (*CHO) ==[REACT_061, ΔG:1.4768]==> (*COCHO) ==[REACT_014, ΔG:0.9108]==> (*COHCHO) ==[REACT_038, ΔG:-0.3522]==> (*CHOHCOH) ==[REACT_031, ΔG:-0.9001]==> (*CH2OHCOH) ==[REACT_041, ΔG:-0.7072]==> (*CH2COH) ==[REACT_042, ΔG:-1.7832]==> (*CH2CHOH) ==[REACT_043, ΔG:1.2731]==> (*CH2CH2OH) ==[REACT_022, ΔG:-1.3739]==> (CH2CH2)",(CO2) -> (*CO2) -> (*COOH) -> (*CO) -> (*CHO) -> (*COCHO) -> (*COHCHO) -> (*CHOHCOH) -> (*CH2OHCOH) -> (*CH2COH) -> (*CH2CHOH) -> (*CH2CH2OH) -> (CH2CH2)
74,12,-1.71,6.88,3.6,"(CO2) ==[REACT_001, ΔG:0.0264]==> (*CO2) ==[REACT_002, ΔG:2.0926]==> (*COOH) ==[REACT_003, ΔG:-1.5627]==> (*CO) ==[REACT_060, ΔG:0.96]==> (*COCO) ==[REACT_055, ΔG:0.1159]==> (*COCOH) ==[REACT_032, ΔG:-0.4488]==> (*CHOCOH) ==[REACT_039, ΔG:2.4129]==> (*CH2OCOH) ==[REACT_040, ΔG:-2.7183]==> (*CH2OHCOH) ==[REACT_041, ΔG:-0.7072]==> (*CH2COH) ==[REACT_042, ΔG:-1.7832]==> (*CH2CHOH) ==[REACT_043, ΔG:1.2731]==> (*CH2CH2OH) ==[REACT_022, ΔG:-1.3739]==> (CH2CH2)",(CO2) -> (*CO2) -> (*COOH) -> (*CO) -> (*COCO) -> (*COCOH) -> (*CHOCOH) -> (*CH2OCOH) -> (*CH2OHCOH) -> (*CH2COH) -> (*CH2CHOH) -> (*CH2CH2OH) -> (CH2CH2)
75,12,-1.71,5.84,2.12,"(CO2) ==[REACT_001, ΔG:0.0264]==> (*CO2) ==[REACT_002, ΔG:2.0926]==> (*COOH) ==[REACT_003, ΔG:-1.5627]==> (*CO) ==[REACT_060, ΔG:0.96]==> (*COCO) ==[REACT_055, ΔG:0.1159]==> (*COCOH) ==[REACT_049, ΔG:-0.9948]==> (*CCO) ==[REACT_050, ΔG:0.3291]==> (*CHCO) ==[REACT_051, ΔG:-1.839]==> (*CH2CO) ==[REACT_052, ΔG:1.0434]==> (*CH2COH) ==[REACT_042, ΔG:-1.7832]==> (*CH2CHOH) ==[REACT_043, ΔG:1.2731]==> (*CH2CH2OH) ==[REACT_022, ΔG:-1.3739]==> (CH2CH2)",(CO2) -> (*CO2) -> (*COOH) -> (*CO) -> (*COCO) -> (*COCOH) -> (*CCO) -> (*CHCO) -> (*CH2CO) -> (*CH2COH) -> (*CH2CHOH) -> (*CH2CH2OH) -> (CH2CH2)
76,12,-1.93,5.42,2.13,"(CO2) ==[REACT_001, ΔG:0.0264]==> (*CO2) ==[REACT_002, ΔG:2.0926]==> (*COOH) ==[REACT_003, ΔG:-1.5627]==> (*CO) ==[REACT_060, ΔG:0.96]==> (*COCO) ==[REACT_005, ΔG:-0.2967]==> (*COCHO) ==[REACT_014, ΔG:0.9108]==> (*COHCHO) ==[REACT_008, ΔG:-0.6508]==> (*COHCH2O) ==[REACT_009, ΔG:-0.6015]==> (*COHCH2OH) ==[REACT_010, ΔG:-0.4852]==> (*CHOHCH2OH) ==[REACT_044, ΔG:-1.8761]==> (*CHOHCH2) ==[REACT_045, ΔG:1.4342]==> (*CH2CH) ==[REACT_048, ΔG:-1.8826]==> (CH2CH2)",(CO2) -> (*CO2) -> (*COOH) -> (*CO) -> (*COCO) -> (*COCHO) -> (*COHCHO) -> (*COHCH2O) -> (*COHCH2OH) -> (*CHOHCH2OH) -> (*CHOHCH2) -> (*CH2CH) -> (CH2CH2)
77,12,0.09,7.15,4.15,"(CO2) ==[REACT_001, ΔG:0.0264]==> (*CO2) ==[REACT_002, ΔG:2.0926]==> (*COOH) ==[REACT_003, ΔG:-1.5627]==> (*CO) ==[REACT_004, ΔG:1.2087]==> (*CHO) ==[REACT_061, ΔG:1.4768]==> (*COCHO) ==[REACT_014, ΔG:0.9108]==> (*COHCHO) ==[REACT_008, ΔG:-0.6508]==> (*COHCH2O) ==[REACT_009, ΔG:-0.6015]==> (*COHCH2OH) ==[REACT_010, ΔG:-0.4852]==> (*CHOHCH2OH) ==[REACT_044, ΔG:-1.8761]==> (*CHOHCH2) ==[REACT_045, ΔG:1.4342]==> (*CH2CH) ==[REACT_048, ΔG:-1.8826]==> (CH2CH2)",(CO2) -> (*CO2) -> (*COOH) -> (*CO) -> (*CHO) -> (*COCHO) -> (*COHCHO) -> (*COHCH2O) -> (*COHCH2OH) -> (*CHOHCH2OH) -> (*CHOHCH2) -> (*CH2CH) -> (CH2CH2)
78,12,-1.93,5.42,2.13,"(CO2) ==[REACT_001, ΔG:0.0264]==> (*CO2) ==[REACT_002, ΔG:2.0926]==> (*COOH) ==[REACT_003, ΔG:-1.5627]==> (*CO) ==[REACT_060, ΔG:0.96]==> (*COCO) ==[REACT_005, ΔG:-0.2967]==> (*COCHO) ==[REACT_014, ΔG:0.9108]==> (*COHCHO) ==[REACT_007, ΔG:-0.3623]==> (*COHCHOH) ==[REACT_026, ΔG:-0.8901]==> (*COHCH2OH) ==[REACT_010, ΔG:-0.4852]==> (*CHOHCH2OH) ==[REACT_044, ΔG:-1.8761]==> (*CHOHCH2) ==[REACT_045, ΔG:1.4342]==> (*CH2CH) ==[REACT_048, ΔG:-1.8826]==> (CH2CH2)",(CO2) -> (*CO2) -> (*COOH) -> (*CO) -> (*COCO) -> (*COCHO) -> (*COHCHO) -> (*COHCHOH) -> (*COHCH2OH) -> (*CHOHCH2OH) -> (*CHOHCH2) -> (*CH2CH) -> (CH2CH2)
79,12,0.09,7.15,4.15,"(CO2) ==[REACT_001, ΔG:0.0264]==> (*CO2) ==[REACT_002, ΔG:2.0926]==> (*COOH) ==[REACT_003, ΔG:-1.5627]==> (*CO) ==[REACT_004, ΔG:1.2087]==> (*CHO) ==[REACT_061, ΔG:1.4768]==> (*COCHO) ==[REACT_014, ΔG:0.9108]==> (*COHCHO) ==[REACT_007, ΔG:-0.3623]==> (*COHCHOH) ==[REACT_026, ΔG:-0.8901]==> (*COHCH2OH) ==[REACT_010, ΔG:-0.4852]==> (*CHOHCH2OH) ==[REACT_044, ΔG:-1.8761]==> (*CHOHCH2) ==[REACT_045, ΔG:1.4342]==> (*CH2CH) ==[REACT_048, ΔG:-1.8826]==> (CH2CH2)",(CO2) -> (*CO2) -> (*COOH) -> (*CO) -> (*CHO) -> (*COCHO) -> (*COHCHO) -> (*COHCHOH) -> (*COHCH2OH) -> (*CHOHCH2OH) -> (*CHOHCH2) -> (*CH2CH) -> (CH2CH2)
80,12,-0.55,6.61,3.51,"(CO2) ==[REACT_001, ΔG:0.0264]==> (*CO2) ==[REACT_002, ΔG:2.0926]==> (*COOH) ==[REACT_003, ΔG:-1.5627]==> (*CO) ==[REACT_059, ΔG:2.9495]==> (*COH) ==[REACT_062, ΔG:-0.058]==> (*COHCO) ==[REACT_027, ΔG:-0.4064]==> (*COHCOH) ==[REACT_028, ΔG:0.1119]==> (*COHCHOH) ==[REACT_026, ΔG:-0.8901]==> (*COHCH2OH) ==[REACT_010, ΔG:-0.4852]==> (*CHOHCH2OH) ==[REACT_044, ΔG:-1.8761]==> (*CHOHCH2) ==[REACT_045, ΔG:1.4342]==> (*CH2CH) ==[REACT_048, ΔG:-1.8826]==> (CH2CH2)",(CO2) -> (*CO2) -> (*COOH) -> (*CO) -> (*COH) -> (*COHCO) -> (*COHCOH) -> (*COHCHOH) -> (*COHCH2OH) -> (*CHOHCH2OH) -> (*CHOHCH2) -> (*CH2CH) -> (CH2CH2)
81,12,-1.93,5.8,2.12,"(CO2) ==[REACT_001, ΔG:0.0264]==> (*CO2) ==[REACT_002, ΔG:2.0926]==> (*COOH) ==[REACT_003, ΔG:-1.5627]==> (*CO) ==[REACT_060, ΔG:0.96]==> (*COCO) ==[REACT_005, ΔG:-0.2967]==> (*COCHO) ==[REACT_006, ΔG:-0.2253]==> (*CHOCHO) ==[REACT_015, ΔG:0.1258]==> (*CHOCH2O) ==[REACT_016, ΔG:-1.8899]==> (*CHOHCH2O) ==[REACT_019, ΔG:1.1625]==> (*CHOHCH2OH) ==[REACT_044, ΔG:-1.8761]==> (*CHOHCH2) ==[REACT_045, ΔG:1.4342]==> (*CH2CH) ==[REACT_048, ΔG:-1.8826]==> (CH2CH2)",(CO2) -> (*CO2) -> (*COOH) -> (*CO) -> (*COCO) -> (*COCHO) -> (*CHOCHO) -> (*CHOCH2O) -> (*CHOHCH2O) -> (*CHOHCH2OH) -> (*CHOHCH2) -> (*CH2CH) -> (CH2CH2)
82,12,0.09,7.53,3.24,"(CO2) ==[REACT_001, ΔG:0.0264]==> (*CO2) ==[REACT_002, ΔG:2.0926]==> (*COOH) ==[REACT_003, ΔG:-1.5627]==> (*CO) ==[REACT_004, ΔG:1.2087]==> (*CHO) ==[REACT_061, ΔG:1.4768]==> (*COCHO) ==[REACT_006, ΔG:-0.2253]==> (*CHOCHO) ==[REACT_015, ΔG:0.1258]==> (*CHOCH2O) ==[REACT_016, ΔG:-1.8899]==> (*CHOHCH2O) ==[REACT_019, ΔG:1.1625]==> (*CHOHCH2OH) ==[REACT_044, ΔG:-1.8761]==> (*CHOHCH2) ==[REACT_045, ΔG:1.4342]==> (*CH2CH) ==[REACT_048, ΔG:-1.8826]==> (CH2CH2)",(CO2) -> (*CO2) -> (*COOH) -> (*CO) -> (*CHO) -> (*COCHO) -> (*CHOCHO) -> (*CHOCH2O) -> (*CHOHCH2O) -> (*CHOHCH2OH) -> (*CHOHCH2) -> (*CH2CH) -> (CH2CH2)
83,12,-1.93,5.68,2.12,"(CO2) ==[REACT_001, ΔG:0.0264]==> (*CO2) ==[REACT_002, ΔG:2.0926]==> (*COOH) ==[REACT_003, ΔG:-1.5627]==> (*CO) ==[REACT_060, ΔG:0.96]==> (*COCO) ==[REACT_005, ΔG:-0.2967]==> (*COCHO) ==[REACT_023, ΔG:-0.3922]==> (*COCHOH) ==[REACT_024, ΔG:-0.721]==> (*CHOCHOH) ==[REACT_034, ΔG:-0.8779]==> (*CHOCH2OH) ==[REACT_037, ΔG:1.1642]==> (*CHOHCH2OH) ==[REACT_044, ΔG:-1.8761]==> (*CHOHCH2) ==[REACT_045, ΔG:1.4342]==> (*CH2CH) ==[REACT_048, ΔG:-1.8826]==> (CH2CH2)",(CO2) -> (*CO2) -> (*COOH) -> (*CO) -> (*COCO) -> (*COCHO) -> (*COCHOH) -> (*CHOCHOH) -> (*CHOCH2OH) -> (*CHOHCH2OH) -> (*CHOHCH2) -> (*CH2CH) -> (CH2CH2)
84,12,0.09,7.4,3.24,"(CO2) ==[REACT_001, ΔG:0.0264]==> (*CO2) ==[REACT_002, ΔG:2.0926]==> (*COOH) ==[REACT_003, ΔG:-1.5627]==> (*CO) ==[REACT_004, ΔG:1.2087]==> (*CHO) ==[REACT_061, ΔG:1.4768]==> (*COCHO) ==[REACT_023, ΔG:-0.3922]==> (*COCHOH) ==[REACT_024, ΔG:-0.721]==> (*CHOCHOH) ==[REACT_034, ΔG:-0.8779]==> (*CHOCH2OH) ==[REACT_037, ΔG:1.1642]==> (*CHOHCH2OH) ==[REACT_044, ΔG:-1.8761]==> (*CHOHCH2) ==[REACT_045, ΔG:1.4342]==> (*CH2CH) ==[REACT_048, ΔG:-1.8826]==> (CH2CH2)",(CO2) -> (*CO2) -> (*COOH) -> (*CO) -> (*CHO) -> (*COCHO) -> (*COCHOH) -> (*CHOCHOH) -> (*CHOCH2OH) -> (*CHOHCH2OH) -> (*CHOHCH2) -> (*CH2CH) -> (CH2CH2)
85,12,-1.93,5.79,2.12,"(CO2) ==[REACT_001, ΔG:0.0264]==> (*CO2) ==[REACT_002, ΔG:2.0926]==> (*COOH) ==[REACT_003, ΔG:-1.5627]==> (*CO) ==[REACT_060, ΔG:0.96]==> (*COCO) ==[REACT_055, ΔG:0.1159]==> (*COCOH) ==[REACT_056, ΔG:-0.8047]==> (*COCHOH) ==[REACT_024, ΔG:-0.721]==> (*CHOCHOH) ==[REACT_034, ΔG:-0.8779]==> (*CHOCH2OH) ==[REACT_037, ΔG:1.1642]==> (*CHOHCH2OH) ==[REACT_044, ΔG:-1.8761]==> (*CHOHCH2) ==[REACT_045, ΔG:1.4342]==> (*CH2CH) ==[REACT_048, ΔG:-1.8826]==> (CH2CH2)",(CO2) -> (*CO2) -> (*COOH) -> (*CO) -> (*COCO) -> (*COCOH) -> (*COCHOH) -> (*CHOCHOH) -> (*CHOCH2OH) -> (*CHOHCH2OH) -> (*CHOHCH2) -> (*CH2CH) -> (CH2CH2)
86,12,-1.93,5.79,2.12,"(CO2) ==[REACT_001, ΔG:0.0264]==> (*CO2) ==[REACT_002, ΔG:2.0926]==> (*COOH) ==[REACT_003, ΔG:-1.5627]==> (*CO) ==[REACT_060, ΔG:0.96]==> (*COCO) ==[REACT_055, ΔG:0.1159]==> (*COCOH) ==[REACT_032, ΔG:-0.4488]==> (*CHOCOH) ==[REACT_033, ΔG:-1.0769]==> (*CHOCHOH) ==[REACT_034, ΔG:-0.8779]==> (*CHOCH2OH) ==[REACT_037, ΔG:1.1642]==> (*CHOHCH2OH) ==[REACT_044, ΔG:-1.8761]==> (*CHOHCH2) ==[REACT_045, ΔG:1.4342]==> (*CH2CH) ==[REACT_048, ΔG:-1.8826]==> (CH2CH2)",(CO2) -> (*CO2) -> (*COOH) -> (*CO) -> (*COCO) -> (*COCOH) -> (*CHOCOH) -> (*CHOCHOH) -> (*CHOCH2OH) -> (*CHOHCH2OH) -> (*CHOHCH2) -> (*CH2CH) -> (CH2CH2)
87,12,-1.93,5.68,2.12,"(CO2) ==[REACT_001, ΔG:0.0264]==> (*CO2) ==[REACT_002, ΔG:2.0926]==> (*COOH) ==[REACT_003, ΔG:-1.5627]==> (*CO) ==[REACT_060, ΔG:0.96]==> (*COCO) ==[REACT_005, ΔG:-0.2967]==> (*COCHO) ==[REACT_023, ΔG:-0.3922]==> (*COCHOH) ==[REACT_057, ΔG:-0.1827]==> (*COCH2OH) ==[REACT_058, ΔG:-1.4162]==> (*CHOCH2OH) ==[REACT_037, ΔG:1.1642]==> (*CHOHCH2OH) ==[REACT_044, ΔG:-1.8761]==> (*CHOHCH2) ==[REACT_045, ΔG:1.4342]==> (*CH2CH) ==[REACT_048, ΔG:-1.8826]==> (CH2CH2)",(CO2) -> (*CO2) -> (*COOH) -> (*CO) -> (*COCO) -> (*COCHO) -> (*COCHOH) -> (*COCH2OH) -> (*CHOCH2OH) -> (*CHOHCH2OH) -> (*CHOHCH2) -> (*CH2CH) -> (CH2CH2)
88,12,0.09,7.4,3.24,"(CO2) ==[REACT_001, ΔG:0.0264]==> (*CO2) ==[REACT_002, ΔG:2.0926]==> (*COOH) ==[REACT_003, ΔG:-1.5627]==> (*CO) ==[REACT_004, ΔG:1.2087]==> (*CHO) ==[REACT_061, ΔG:1.4768]==> (*COCHO) ==[REACT_023, ΔG:-0.3922]==> (*COCHOH) ==[REACT_057, ΔG:-0.1827]==> (*COCH2OH) ==[REACT_058, ΔG:-1.4162]==> (*CHOCH2OH) ==[REACT_037, ΔG:1.1642]==> (*CHOHCH2OH) ==[REACT_044, ΔG:-1.8761]==> (*CHOHCH2) ==[REACT_045, ΔG:1.4342]==> (*CH2CH) ==[REACT_048, ΔG:-1.8826]==> (CH2CH2)",(CO2) -> (*CO2) -> (*COOH) -> (*CO) -> (*CHO) -> (*COCHO) -> (*COCHOH) -> (*COCH2OH) -> (*CHOCH2OH) -> (*CHOHCH2OH) -> (*CHOHCH2) -> (*CH2CH) -> (CH2CH2)
89,12,-1.93,5.79,2.12,"(CO2) ==[REACT_001, ΔG:0.0264]==> (*CO2) ==[REACT_002, ΔG:2.0926]==> (*COOH) ==[REACT_003, ΔG:-1.5627]==> (*CO) ==[REACT_060, ΔG:0.96]==> (*COCO) ==[REACT_055, ΔG:0.1159]==> (*COCOH) ==[REACT_056, ΔG:-0.8047]==> (*COCHOH) ==[REACT_057, ΔG:-0.1827]==> (*COCH2OH) ==[REACT_058, ΔG:-1.4162]==> (*CHOCH2OH) ==[REACT_037, ΔG:1.1642]==> (*CHOHCH2OH) ==[REACT_044, ΔG:-1.8761]==> (*CHOHCH2) ==[REACT_045, ΔG:1.4342]==> (*CH2CH) ==[REACT_048, ΔG:-1.8826]==> (CH2CH2)",(CO2) -> (*CO2) -> (*COOH) -> (*CO) -> (*COCO) -> (*COCOH) -> (*COCHOH) -> (*COCH2OH) -> (*CHOCH2OH) -> (*CHOHCH2OH) -> (*CHOHCH2) -> (*CH2CH) -> (CH2CH2)
90,12,-0.55,6.61,3.51,"(CO2) ==[REACT_001, ΔG:0.0264]==> (*CO2) ==[REACT_002, ΔG:2.0926]==> (*COOH) ==[REACT_003, ΔG:-1.5627]==> (*CO) ==[REACT_059, ΔG:2.9495]==> (*COH) ==[REACT_062, ΔG:-0.058]==> (*COHCO) ==[REACT_027, ΔG:-0.4064]==> (*COHCOH) ==[REACT_029, ΔG:0.1219]==> (*CHOHCOH) ==[REACT_031, ΔG:-0.9001]==> (*CH2OHCOH) ==[REACT_041, ΔG:-0.7072]==> (*CH2COH) ==[REACT_046, ΔG:-1.6434]==> (*CH2C) ==[REACT_047, ΔG:1.4235]==> (*CH2CH) ==[REACT_048, ΔG:-1.8826]==> (CH2CH2)",(CO2) -> (*CO2) -> (*COOH) -> (*CO) -> (*COH) -> (*COHCO) -> (*COHCOH) -> (*CHOHCOH) -> (*CH2OHCOH) -> (*CH2COH) -> (*CH2C) -> (*CH2CH) -> (CH2CH2)
91,12,-1.93,5.41,2.13,"(CO2) ==[REACT_001, ΔG:0.0264]==> (*CO2) ==[REACT_002, ΔG:2.0926]==> (*COOH) ==[REACT_003, ΔG:-1.5627]==> (*CO) ==[REACT_060, ΔG:0.96]==> (*COCO) ==[REACT_005, ΔG:-0.2967]==> (*COCHO) ==[REACT_014, ΔG:0.9108]==> (*COHCHO) ==[REACT_038, ΔG:-0.3522]==> (*CHOHCOH) ==[REACT_031, ΔG:-0.9001]==> (*CH2OHCOH) ==[REACT_041, ΔG:-0.7072]==> (*CH2COH) ==[REACT_046, ΔG:-1.6434]==> (*CH2C) ==[REACT_047, ΔG:1.4235]==> (*CH2CH) ==[REACT_048, ΔG:-1.8826]==> (CH2CH2)",(CO2) -> (*CO2) -> (*COOH) -> (*CO) -> (*COCO) -> (*COCHO) -> (*COHCHO) -> (*CHOHCOH) -> (*CH2OHCOH) -> (*CH2COH) -> (*CH2C) -> (*CH2CH) -> (CH2CH2)
92,12,0.09,7.14,4.15,"(CO2) ==[REACT_001, ΔG:0.0264]==> (*CO2) ==[REACT_002, ΔG:2.0926]==> (*COOH) ==[REACT_003, ΔG:-1.5627]==> (*CO) ==[REACT_004, ΔG:1.2087]==> (*CHO) ==[REACT_061, ΔG:1.4768]==> (*COCHO) ==[REACT_014, ΔG:0.9108]==> (*COHCHO) ==[REACT_038, ΔG:-0.3522]==> (*CHOHCOH) ==[REACT_031, ΔG:-0.9001]==> (*CH2OHCOH) ==[REACT_041, ΔG:-0.7072]==> (*CH2COH) ==[REACT_046, ΔG:-1.6434]==> (*CH2C) ==[REACT_047, ΔG:1.4235]==> (*CH2CH) ==[REACT_048, ΔG:-1.8826]==> (CH2CH2)",(CO2) -> (*CO2) -> (*COOH) -> (*CO) -> (*CHO) -> (*COCHO) -> (*COHCHO) -> (*CHOHCOH) -> (*CH2OHCOH) -> (*CH2COH) -> (*CH2C) -> (*CH2CH) -> (CH2CH2)
93,12,-1.93,7.03,3.6,"(CO2) ==[REACT_001, ΔG:0.0264]==> (*CO2) ==[REACT_002, ΔG:2.0926]==> (*COOH) ==[REACT_003, ΔG:-1.5627]==> (*CO) ==[REACT_060, ΔG:0.96]==> (*COCO) ==[REACT_055, ΔG:0.1159]==> (*COCOH) ==[REACT_032, ΔG:-0.4488]==> (*CHOCOH) ==[REACT_039, ΔG:2.4129]==> (*CH2OCOH) ==[REACT_040, ΔG:-2.7183]==> (*CH2OHCOH) ==[REACT_041, ΔG:-0.7072]==> (*CH2COH) ==[REACT_046, ΔG:-1.6434]==> (*CH2C) ==[REACT_047, ΔG:1.4235]==> (*CH2CH) ==[REACT_048, ΔG:-1.8826]==> (CH2CH2)",(CO2) -> (*CO2) -> (*COOH) -> (*CO) -> (*COCO) -> (*COCOH) -> (*CHOCOH) -> (*CH2OCOH) -> (*CH2OHCOH) -> (*CH2COH) -> (*CH2C) -> (*CH2CH) -> (CH2CH2)
94,12,-1.93,5.99,2.12,"(CO2) ==[REACT_001, ΔG:0.0264]==> (*CO2) ==[REACT_002, ΔG:2.0926]==> (*COOH) ==[REACT_003, ΔG:-1.5627]==> (*CO) ==[REACT_060, ΔG:0.96]==> (*COCO) ==[REACT_055, ΔG:0.1159]==> (*COCOH) ==[REACT_049, ΔG:-0.9948]==> (*CCO) ==[REACT_050, ΔG:0.3291]==> (*CHCO) ==[REACT_051, ΔG:-1.839]==> (*CH2CO) ==[REACT_052, ΔG:1.0434]==> (*CH2COH) ==[REACT_046, ΔG:-1.6434]==> (*CH2C) ==[REACT_047, ΔG:1.4235]==> (*CH2CH) ==[REACT_048, ΔG:-1.8826]==> (CH2CH2)",(CO2) -> (*CO2) -> (*COOH) -> (*CO) -> (*COCO) -> (*COCOH) -> (*CCO) -> (*CHCO) -> (*CH2CO) -> (*CH2COH) -> (*CH2C) -> (*CH2CH) -> (CH2CH2)
95,12,-0.55,6.75,3.51,"(CO2) ==[REACT_001, ΔG:0.0264]==> (*CO2) ==[REACT_002, ΔG:2.0926]==> (*COOH) ==[REACT_003, ΔG:-1.5627]==> (*CO) ==[REACT_059, ΔG:2.9495]==> (*COH) ==[REACT_062, ΔG:-0.058]==> (*COHCO) ==[REACT_027, ΔG:-0.4064]==> (*COHCOH) ==[REACT_029, ΔG:0.1219]==> (*CHOHCOH) ==[REACT_031, ΔG:-0.9001]==> (*CH2OHCOH) ==[REACT_041, ΔG:-0.7072]==> (*CH2COH) ==[REACT_042, ΔG:-1.7832]==> (*CH2CHOH) ==[REACT_053, ΔG:1.5634]==> (*CH2CH) ==[REACT_048, ΔG:-1.8826]==> (CH2CH2)",(CO2) -> (*CO2) -> (*COOH) -> (*CO) -> (*COH) -> (*COHCO) -> (*COHCOH) -> (*CHOHCOH) -> (*CH2OHCOH) -> (*CH2COH) -> (*CH2CHOH) -> (*CH2CH) -> (CH2CH2)
96,12,-1.93,5.55,2.13,"(CO2) ==[REACT_001, ΔG:0.0264]==> (*CO2) ==[REACT_002, ΔG:2.0926]==> (*COOH) ==[REACT_003, ΔG:-1.5627]==> (*CO) ==[REACT_060, ΔG:0.96]==> (*COCO) ==[REACT_005, ΔG:-0.2967]==> (*COCHO) ==[REACT_014, ΔG:0.9108]==> (*COHCHO) ==[REACT_038, ΔG:-0.3522]==> (*CHOHCOH) ==[REACT_031, ΔG:-0.9001]==> (*CH2OHCOH) ==[REACT_041, ΔG:-0.7072]==> (*CH2COH) ==[REACT_042, ΔG:-1.7832]==> (*CH2CHOH) ==[REACT_053, ΔG:1.5634]==> (*CH2CH) ==[REACT_048, ΔG:-1.8826]==> (CH2CH2)",(CO2) -> (*CO2) -> (*COOH) -> (*CO) -> (*COCO) -> (*COCHO) -> (*COHCHO) -> (*CHOHCOH) -> (*CH2OHCOH) -> (*CH2COH) -> (*CH2CHOH) -> (*CH2CH) -> (CH2CH2)
97,12,0.09,7.28,4.15,"(CO2) ==[REACT_001, ΔG:0.0264]==> (*CO2) ==[REACT_002, ΔG:2.0926]==> (*COOH) ==[REACT_003, ΔG:-1.5627]==> (*CO) ==[REACT_004, ΔG:1.2087]==> (*CHO) ==[REACT_061, ΔG:1.4768]==> (*COCHO) ==[REACT_014, ΔG:0.9108]==> (*COHCHO) ==[REACT_038, ΔG:-0.3522]==> (*CHOHCOH) ==[REACT_031, ΔG:-0.9001]==> (*CH2OHCOH) ==[REACT_041, ΔG:-0.7072]==> (*CH2COH) ==[REACT_042, ΔG:-1.7832]==> (*CH2CHOH) ==[REACT_053, ΔG:1.5634]==> (*CH2CH) ==[REACT_048, ΔG:-1.8826]==> (CH2CH2)",(CO2) -> (*CO2) -> (*COOH) -> (*CO) -> (*CHO) -> (*COCHO) -> (*COHCHO) -> (*CHOHCOH) -> (*CH2OHCOH) -> (*CH2COH) -> (*CH2CHOH) -> (*CH2CH) -> (CH2CH2)
98,12,-1.93,7.17,3.6,"(CO2) ==[REACT_001, ΔG:0.0264]==> (*CO2) ==[REACT_002, ΔG:2.0926]==> (*COOH) ==[REACT_003, ΔG:-1.5627]==> (*CO) ==[REACT_060, ΔG:0.96]==> (*COCO) ==[REACT_055, ΔG:0.1159]==> (*COCOH) ==[REACT_032, ΔG:-0.4488]==> (*CHOCOH) ==[REACT_039, ΔG:2.4129]==> (*CH2OCOH) ==[REACT_040, ΔG:-2.7183]==> (*CH2OHCOH) ==[REACT_041, ΔG:-0.7072]==> (*CH2COH) ==[REACT_042, ΔG:-1.7832]==> (*CH2CHOH) ==[REACT_053, ΔG:1.5634]==> (*CH2CH) ==[REACT_048, ΔG:-1.8826]==> (CH2CH2)",(CO2) -> (*CO2) -> (*COOH) -> (*CO) -> (*COCO) -> (*COCOH) -> (*CHOCOH) -> (*CH2OCOH) -> (*CH2OHCOH) -> (*CH2COH) -> (*CH2CHOH) -> (*CH2CH) -> (CH2CH2)
99,12,-1.93,6.13,2.12,"(CO2) ==[REACT_001, ΔG:0.0264]==> (*CO2) ==[REACT_002, ΔG:2.0926]==> (*COOH) ==[REACT_003, ΔG:-1.5627]==> (*CO) ==[REACT_060, ΔG:0.96]==> (*COCO) ==[REACT_055, ΔG:0.1159]==> (*COCOH) ==[REACT_049, ΔG:-0.9948]==> (*CCO) ==[REACT_050, ΔG:0.3291]==> (*CHCO) ==[REACT_051, ΔG:-1.839]==> (*CH2CO) ==[REACT_052, ΔG:1.0434]==> (*CH2COH) ==[REACT_042, ΔG:-1.7832]==> (*CH2CHOH) ==[REACT_053, ΔG:1.5634]==> (*CH2CH) ==[REACT_048, ΔG:-1.8826]==> (CH2CH2)",(CO2) -> (*CO2) -> (*COOH) -> (*CO) -> (*COCO) -> (*COCOH) -> (*CCO) -> (*CHCO) -> (*CH2CO) -> (*CH2COH) -> (*CH2CHOH) -> (*CH2CH) -> (CH2CH2)
